,timepoint,cloudcover,highcloud,midcloud,lowcloud,rh_profile,wind_profile,temp2m,lifted_index,rh2m,msl_pressure,prec_type,prec_amount,snow_depth,wind10m.direction,wind10m.speed,latitud,longitud,paises
0,3,1,-9999,-9999,-9999,"[{'layer': '950mb', 'rh': 11}, {'layer': '900mb', 'rh': 10}, {'layer': '850mb', 'rh': 1}, {'layer': '800mb', 'rh': -2}, {'layer': '750mb', 'rh': -3}, {'layer': '700mb', 'rh': -2}, {'layer': '650mb', 'rh': -3}, {'layer': '600mb', 'rh': -4}, {'layer': '550mb', 'rh': -4}, {'layer': '500mb', 'rh': -3}, {'layer': '450mb', 'rh': -2}, {'layer': '400mb', 'rh': -3}, {'layer': '350mb', 'rh': -1}, {'layer': '300mb', 'rh': 2}, {'layer': '250mb', 'rh': -3}, {'layer': '200mb', 'rh': 0}]","[{'layer': '950mb', 'direction': 115, 'speed': 4}, {'layer': '900mb', 'direction': 125, 'speed': 4}, {'layer': '850mb', 'direction': 135, 'speed': 4}, {'layer': '800mb', 'direction': 135, 'speed': 3}, {'layer': '750mb', 'direction': 150, 'speed': 3}, {'layer': '700mb', 'direction': 205, 'speed': 2}, {'layer': '650mb', 'direction': 255, 'speed': 2}, {'layer': '600mb', 'direction': 265, 'speed': 3}, {'layer': '550mb', 'direction': 255, 'speed': 3}, {'layer': '500mb', 'direction': 280, 'speed': 3}, {'layer': '450mb', 'direction': 25, 'speed': 2}, {'layer': '400mb', 'direction': 305, 'speed': 2}, {'layer': '350mb', 'direction': 250, 'speed': 4}, {'layer': '300mb', 'direction': 220, 'speed': 2}, {'layer': '250mb', 'direction': 320, 'speed': 2}, {'layer': '200mb', 'direction': 290, 'speed': 5}]",26,6,9,1011,none,0,0,110,3,-5.6816069,144.2489081,Papua New Guinea
1,6,1,-9999,-9999,-9999,"[{'layer': '950mb', 'rh': 11}, {'layer': '900mb', 'rh': 9}, {'layer': '850mb', 'rh': 2}, {'layer': '800mb', 'rh': -2}, {'layer': '750mb', 'rh': -3}, {'layer': '700mb', 'rh': -2}, {'layer': '650mb', 'rh': -3}, {'layer': '600mb', 'rh': -4}, {'layer': '550mb', 'rh': -4}, {'layer': '500mb', 'rh': -3}, {'layer': '450mb', 'rh': -3}, {'layer': '400mb', 'rh': -3}, {'layer': '350mb', 'rh': -1}, {'layer': '300mb', 'rh': 2}, {'layer': '250mb', 'rh': -3}, {'layer': '200mb', 'rh': 0}]","[{'layer': '950mb', 'direction': 115, 'speed': 4}, {'layer': '900mb', 'direction': 120, 'speed': 4}, {'layer': '850mb', 'direction': 125, 'speed': 4}, {'layer': '800mb', 'direction': 135, 'speed': 3}, {'layer': '750mb', 'direction': 155, 'speed': 3}, {'layer': '700mb', 'direction': 210, 'speed': 2}, {'layer': '650mb', 'direction': 255, 'speed': 3}, {'layer': '600mb', 'direction': 265, 'speed': 2}, {'layer': '550mb', 'direction': 245, 'speed': 3}, {'layer': '500mb', 'direction': 255, 'speed': 3}, {'layer': '450mb', 'direction': 60, 'speed': 3}, {'layer': '400mb', 'direction': 340, 'speed': 2}, {'layer': '350mb', 'direction': 260, 'speed': 3}, {'layer': '300mb', 'direction': 55, 'speed': 2}, {'layer': '250mb', 'direction': 330, 'speed': 2}, {'layer': '200mb', 'direction': 280, 'speed': 5}]",26,6,9,1014,none,0,0,110,3,-5.6816069,144.2489081,Papua New Guinea
2,9,1,-9999,-9999,-9999,"[{'layer': '950mb', 'rh': 11}, {'layer': '900mb', 'rh': 10}, {'layer': '850mb', 'rh': 4}, {'layer': '800mb', 'rh': -2}, {'layer': '750mb', 'rh': -3}, {'layer': '700mb', 'rh': -2}, {'layer': '650mb', 'rh': -3}, {'layer': '600mb', 'rh': -4}, {'layer': '550mb', 'rh': -3}, {'layer': '500mb', 'rh': -3}, {'layer': '450mb', 'rh': -3}, {'layer': '400mb', 'rh': -3}, {'layer': '350mb', 'rh': -1}, {'layer': '300mb', 'rh': 3}, {'layer': '250mb', 'rh': -3}, {'layer': '200mb', 'rh': 0}]","[{'layer': '950mb', 'direction': 120, 'speed': 3}, {'layer': '900mb', 'direction': 120, 'speed': 4}, {'layer': '850mb', 'direction': 120, 'speed': 4}, {'layer': '800mb', 'direction': 130, 'speed': 3}, {'layer': '750mb', 'direction': 155, 'speed': 2}, {'layer': '700mb', 'direction': 215, 'speed': 2}, {'layer': '650mb', 'direction': 260, 'speed': 3}, {'layer': '600mb', 'direction': 270, 'speed': 3}, {'layer': '550mb', 'direction': 245, 'speed': 3}, {'layer': '500mb', 'direction': 245, 'speed': 3}, {'layer': '450mb', 'direction': 65, 'speed': 3}, {'layer': '400mb', 'direction': 280, 'speed': 3}, {'layer': '350mb', 'direction': 255, 'speed': 3}, {'layer': '300mb', 'direction': 70, 'speed': 2}, {'layer': '250mb', 'direction': 350, 'speed': 3}, {'layer': '200mb', 'direction': 290, 'speed': 4}]",25,6,9,1014,none,0,0,115,3,-5.6816069,144.2489081,Papua New Guinea
3,12,1,-9999,-9999,-9999,"[{'layer': '950mb', 'rh': 11}, {'layer': '900mb', 'rh': 13}, {'layer': '850mb', 'rh': 4}, {'layer': '800mb', 'rh': 0}, {'layer': '750mb', 'rh': -2}, {'layer': '700mb', 'rh': -2}, {'layer': '650mb', 'rh': -3}, {'layer': '600mb', 'rh': -3}, {'layer': '550mb', 'rh': -3}, {'layer': '500mb', 'rh': -3}, {'layer': '450mb', 'rh': -3}, {'layer': '400mb', 'rh': -3}, {'layer': '350mb', 'rh': -1}, {'layer': '300mb', 'rh': 3}, {'layer': '250mb', 'rh': -3}, {'layer': '200mb', 'rh': 0}]","[{'layer': '950mb', 'direction': 120, 'speed': 3}, {'layer': '900mb', 'direction': 120, 'speed': 3}, {'layer': '850mb', 'direction': 120, 'speed': 3}, {'layer': '800mb', 'direction': 135, 'speed': 3}, {'layer': '750mb', 'direction': 170, 'speed': 2}, {'layer': '700mb', 'direction': 225, 'speed': 2}, {'layer': '650mb', 'direction': 270, 'speed': 3}, {'layer': '600mb', 'direction': 270, 'speed': 3}, {'layer': '550mb', 'direction': 245, 'speed': 3}, {'layer': '500mb', 'direction': 235, 'speed': 3}, {'layer': '450mb', 'direction': 60, 'speed': 3}, {'layer': '400mb', 'direction': 295, 'speed': 2}, {'layer': '350mb', 'direction': 250, 'speed': 3}, {'layer': '300mb', 'direction': 65, 'speed': 3}, {'layer': '250mb', 'direction': 325, 'speed': 2}, {'layer': '200mb', 'direction': 290, 'speed': 4}]",25,2,9,1012,none,0,0,115,3,-5.6816069,144.2489081,Papua New Guinea
4,15,1,-9999,-9999,-9999,"[{'layer': '950mb', 'rh': 12}, {'layer': '900mb', 'rh': 13}, {'layer': '850mb', 'rh': 2}, {'layer': '800mb', 'rh': -2}, {'layer': '750mb', 'rh': -2}, {'layer': '700mb', 'rh': -2}, {'layer': '650mb', 'rh': -2}, {'layer': '600mb', 'rh': -3}, {'layer': '550mb', 'rh': -3}, {'layer': '500mb', 'rh': -3}, {'layer': '450mb', 'rh': -3}, {'layer': '400mb', 'rh': -2}, {'layer': '350mb', 'rh': -1}, {'layer': '300mb', 'rh': 4}, {'layer': '250mb', 'rh': -3}, {'layer': '200mb', 'rh': 0}]","[{'layer': '950mb', 'direction': 105, 'speed': 3}, {'layer': '900mb', 'direction': 105, 'speed': 3}, {'layer': '850mb', 'direction': 110, 'speed': 3}, {'layer': '800mb', 'direction': 125, 'speed': 3}, {'layer': '750mb', 'direction': 160, 'speed': 2}, {'layer': '700mb', 'direction': 225, 'speed': 2}, {'layer': '650mb', 'direction': 250, 'speed': 3}, {'layer': '600mb', 'direction': 250, 'speed': 3}, {'layer': '550mb', 'direction': 235, 'speed': 3}, {'layer': '500mb', 'direction': 235, 'speed': 3}, {'layer': '450mb', 'direction': 45, 'speed': 3}, {'layer': '400mb', 'direction': 250, 'speed': 3}, {'layer': '350mb', 'direction': 250, 'speed': 2}, {'layer': '300mb', 'direction': 65, 'speed': 3}, {'layer': '250mb', 'direction': 35, 'speed': 2}, {'layer': '200mb', 'direction': 330, 'speed': 5}]",25,2,9,1013,none,0,0,105,3,-5.6816069,144.2489081,Papua New Guinea
5,18,1,-9999,-9999,-9999,"[{'layer': '950mb', 'rh': 12}, {'layer': '900mb', 'rh': 7}, {'layer': '850mb', 'rh': 1}, {'layer': '800mb', 'rh': -2}, {'layer': '750mb', 'rh': -3}, {'layer': '700mb', 'rh': -2}, {'layer': '650mb', 'rh': -2}, {'layer': '600mb', 'rh': -3}, {'layer': '550mb', 'rh': -4}, {'layer': '500mb', 'rh': -3}, {'layer': '450mb', 'rh': -3}, {'layer': '400mb', 'rh': -2}, {'layer': '350mb', 'rh': -1}, {'layer': '300mb', 'rh': 4}, {'layer': '250mb', 'rh': -3}, {'layer': '200mb', 'rh': -1}]","[{'layer': '950mb', 'direction': 100, 'speed': 3}, {'layer': '900mb', 'direction': 90, 'speed': 4}, {'layer': '850mb', 'direction': 90, 'speed': 4}, {'layer': '800mb', 'direction': 105, 'speed': 3}, {'layer': '750mb', 'direction': 130, 'speed': 2}, {'layer': '700mb', 'direction': 235, 'speed': 2}, {'layer': '650mb', 'direction': 245, 'speed': 3}, {'layer': '600mb', 'direction': 225, 'speed': 3}, {'layer': '550mb', 'direction': 220, 'speed': 3}, {'layer': '500mb', 'direction': 215, 'speed': 3}, {'layer': '450mb', 'direction': 45, 'speed': 2}, {'layer': '400mb', 'direction': 245, 'speed': 3}, {'layer': '350mb', 'direction': 305, 'speed': 2}, {'layer': '300mb', 'direction': 80, 'speed': 3}, {'layer': '250mb', 'direction': 55, 'speed': 3}, {'layer': '200mb', 'direction': 335, 'speed': 5}]",25,2,10,1014,none,0,0,100,3,-5.6816069,144.2489081,Papua New Guinea
6,21,1,-9999,-9999,-9999,"[{'layer': '950mb', 'rh': 13}, {'layer': '900mb', 'rh': 10}, {'layer': '850mb', 'rh': 6}, {'layer': '800mb', 'rh': -2}, {'layer': '750mb', 'rh': -3}, {'layer': '700mb', 'rh': -3}, {'layer': '650mb', 'rh': -3}, {'layer': '600mb', 'rh': -3}, {'layer': '550mb', 'rh': -4}, {'layer': '500mb', 'rh': -3}, {'layer': '450mb', 'rh': -3}, {'layer': '400mb', 'rh': -2}, {'layer': '350mb', 'rh': -1}, {'layer': '300mb', 'rh': 3}, {'layer': '250mb', 'rh': -3}, {'layer': '200mb', 'rh': -1}]","[{'layer': '950mb', 'direction': 105, 'speed': 3}, {'layer': '900mb', 'direction': 95, 'speed': 4}, {'layer': '850mb', 'direction': 90, 'speed': 4}, {'layer': '800mb', 'direction': 100, 'speed': 3}, {'layer': '750mb', 'direction': 155, 'speed': 2}, {'layer': '700mb', 'direction': 240, 'speed': 2}, {'layer': '650mb', 'direction': 245, 'speed': 3}, {'layer': '600mb', 'direction': 235, 'speed': 3}, {'layer': '550mb', 'direction': 225, 'speed': 3}, {'layer': '500mb', 'direction': 195, 'speed': 2}, {'layer': '450mb', 'direction': 40, 'speed': 2}, {'layer': '400mb', 'direction': 230, 'speed': 2}, {'layer': '350mb', 'direction': 100, 'speed': 2}, {'layer': '300mb', 'direction': 75, 'speed': 4}, {'layer': '250mb', 'direction': 50, 'speed': 3}, {'layer': '200mb', 'direction': 315, 'speed': 5}]",25,2,10,1013,none,0,0,100,3,-5.6816069,144.2489081,Papua New Guinea
7,24,1,-9999,-9999,-9999,"[{'layer': '950mb', 'rh': 14}, {'layer': '900mb', 'rh': 11}, {'layer': '850mb', 'rh': 7}, {'layer': '800mb', 'rh': -3}, {'layer': '750mb', 'rh': -3}, {'layer': '700mb', 'rh': -3}, {'layer': '650mb', 'rh': -3}, {'layer': '600mb', 'rh': -3}, {'layer': '550mb', 'rh': -4}, {'layer': '500mb', 'rh': -3}, {'layer': '450mb', 'rh': -3}, {'layer': '400mb', 'rh': -2}, {'layer': '350mb', 'rh': -1}, {'layer': '300mb', 'rh': 0}, {'layer': '250mb', 'rh': -3}, {'layer': '200mb', 'rh': -1}]","[{'layer': '950mb', 'direction': 115, 'speed': 3}, {'layer': '900mb', 'direction': 100, 'speed': 4}, {'layer': '850mb', 'direction': 95, 'speed': 4}, {'layer': '800mb', 'direction': 95, 'speed': 3}, {'layer': '750mb', 'direction': 175, 'speed': 2}, {'layer': '700mb', 'direction': 230, 'speed': 2}, {'layer': '650mb', 'direction': 235, 'speed': 2}, {'layer': '600mb', 'direction': 225, 'speed': 2}, {'layer': '550mb', 'direction': 220, 'speed': 3}, {'layer': '500mb', 'direction': 195, 'speed': 2}, {'layer': '450mb', 'direction': 40, 'speed': 2}, {'layer': '400mb', 'direction': 230, 'speed': 3}, {'layer': '350mb', 'direction': 90, 'speed': 2}, {'layer': '300mb', 'direction': 60, 'speed': 5}, {'layer': '250mb', 'direction': 55, 'speed': 3}, {'layer': '200mb', 'direction': 310, 'speed': 5}]",25,2,11,1010,none,0,0,110,3,-5.6816069,144.2489081,Papua New Guinea
8,27,1,-9999,-9999,-9999,"[{'layer': '950mb', 'rh': 14}, {'layer': '900mb', 'rh': 11}, {'layer': '850mb', 'rh': 6}, {'layer': '800mb', 'rh': -3}, {'layer': '750mb', 'rh': -3}, {'layer': '700mb', 'rh': -2}, {'layer': '650mb', 'rh': -2}, {'layer': '600mb', 'rh': -3}, {'layer': '550mb', 'rh': -4}, {'layer': '500mb', 'rh': -3}, {'layer': '450mb', 'rh': -3}, {'layer': '400mb', 'rh': -2}, {'layer': '350mb', 'rh': -1}, {'layer': '300mb', 'rh': -2}, {'layer': '250mb', 'rh': -3}, {'layer': '200mb', 'rh': -1}]","[{'layer': '950mb', 'direction': 120, 'speed': 3}, {'layer': '900mb', 'direction': 100, 'speed': 4}, {'layer': '850mb', 'direction': 90, 'speed': 4}, {'layer': '800mb', 'direction': 85, 'speed': 3}, {'layer': '750mb', 'direction': 85, 'speed': 2}, {'layer': '700mb', 'direction': 215, 'speed': 2}, {'layer': '650mb', 'direction': 225, 'speed': 2}, {'layer': '600mb', 'direction': 225, 'speed': 3}, {'layer': '550mb', 'direction': 215, 'speed': 3}, {'layer': '500mb', 'direction': 145, 'speed': 2}, {'layer': '450mb', 'direction': 190, 'speed': 2}, {'layer': '400mb', 'direction': 225, 'speed': 2}, {'layer': '350mb', 'direction': 105, 'speed': 2}, {'layer': '300mb', 'direction': 60, 'speed': 6}, {'layer': '250mb', 'direction': 15, 'speed': 3}, {'layer': '200mb', 'direction': 295, 'speed': 5}]",26,2,11,1010,none,0,0,115,3,-5.6816069,144.2489081,Papua New Guinea
9,30,1,-9999,-9999,-9999,"[{'layer': '950mb', 'rh': 14}, {'layer': '900mb', 'rh': 11}, {'layer': '850mb', 'rh': 12}, {'layer': '800mb', 'rh': -2}, {'layer': '750mb', 'rh': -3}, {'layer': '700mb', 'rh': -2}, {'layer': '650mb', 'rh': -2}, {'layer': '600mb', 'rh': -4}, {'layer': '550mb', 'rh': -4}, {'layer': '500mb', 'rh': -4}, {'layer': '450mb', 'rh': -3}, {'layer': '400mb', 'rh': -2}, {'layer': '350mb', 'rh': -1}, {'layer': '300mb', 'rh': -3}, {'layer': '250mb', 'rh': -3}, {'layer': '200mb', 'rh': 0}]","[{'layer': '950mb', 'direction': 110, 'speed': 4}, {'layer': '900mb', 'direction': 105, 'speed': 4}, {'layer': '850mb', 'direction': 100, 'speed': 4}, {'layer': '800mb', 'direction': 75, 'speed': 3}, {'layer': '750mb', 'direction': 65, 'speed': 2}, {'layer': '700mb', 'direction': 165, 'speed': 2}, {'layer': '650mb', 'direction': 220, 'speed': 2}, {'layer': '600mb', 'direction': 215, 'speed': 3}, {'layer': '550mb', 'direction': 205, 'speed': 3}, {'layer': '500mb', 'direction': 90, 'speed': 3}, {'layer': '450mb', 'direction': 85, 'speed': 2}, {'layer': '400mb', 'direction': 245, 'speed': 3}, {'layer': '350mb', 'direction': 100, 'speed': 3}, {'layer': '300mb', 'direction': 55, 'speed': 6}, {'layer': '250mb', 'direction': 50, 'speed': 4}, {'layer': '200mb', 'direction': 300, 'speed': 5}]",26,2,11,1012,none,1,0,120,3,-5.6816069,144.2489081,Papua New Guinea
10,33,2,-9999,-9999,-9999,"[{'layer': '950mb', 'rh': 13}, {'layer': '900mb', 'rh': 11}, {'layer': '850mb', 'rh': 12}, {'layer': '800mb', 'rh': -1}, {'layer': '750mb', 'rh': -3}, {'layer': '700mb', 'rh': -2}, {'layer': '650mb', 'rh': -2}, {'layer': '600mb', 'rh': -3}, {'layer': '550mb', 'rh': -4}, {'layer': '500mb', 'rh': -4}, {'layer': '450mb', 'rh': -3}, {'layer': '400mb', 'rh': -2}, {'layer': '350mb', 'rh': -1}, {'layer': '300mb', 'rh': -1}, {'layer': '250mb', 'rh': -3}, {'layer': '200mb', 'rh': 0}]","[{'layer': '950mb', 'direction': 110, 'speed': 4}, {'layer': '900mb', 'direction': 100, 'speed': 4}, {'layer': '850mb', 'direction': 95, 'speed': 4}, {'layer': '800mb', 'direction': 80, 'speed': 3}, {'layer': '750mb', 'direction': 50, 'speed': 3}, {'layer': '700mb', 'direction': 30, 'speed': 2}, {'layer': '650mb', 'direction': 250, 'speed': 2}, {'layer': '600mb', 'direction': 215, 'speed': 3}, {'layer': '550mb', 'direction': 200, 'speed': 3}, {'layer': '500mb', 'direction': 50, 'speed': 3}, {'layer': '450mb', 'direction': 90, 'speed': 2}, {'layer': '400mb', 'direction': 210, 'speed': 2}, {'layer': '350mb', 'direction': 110, 'speed': 3}, {'layer': '300mb', 'direction': 50, 'speed': 6}, {'layer': '250mb', 'direction': 35, 'speed': 3}, {'layer': '200mb', 'direction': 280, 'speed': 5}]",26,2,11,1012,none,1,0,115,4,-5.6816069,144.2489081,Papua New Guinea
11,36,2,-9999,-9999,-9999,"[{'layer': '950mb', 'rh': 11}, {'layer': '900mb', 'rh': 11}, {'layer': '850mb', 'rh': 13}, {'layer': '800mb', 'rh': 13}, {'layer': '750mb', 'rh': -3}, {'layer': '700mb', 'rh': -3}, {'layer': '650mb', 'rh': -2}, {'layer': '600mb', 'rh': -3}, {'layer': '550mb', 'rh': -4}, {'layer': '500mb', 'rh': -4}, {'layer': '450mb', 'rh': -3}, {'layer': '400mb', 'rh': -3}, {'layer': '350mb', 'rh': 0}, {'layer': '300mb', 'rh': -2}, {'layer': '250mb', 'rh': -3}, {'layer': '200mb', 'rh': 1}]","[{'layer': '950mb', 'direction': 105, 'speed': 4}, {'layer': '900mb', 'direction': 90, 'speed': 4}, {'layer': '850mb', 'direction': 90, 'speed': 4}, {'layer': '800mb', 'direction': 95, 'speed': 3}, {'layer': '750mb', 'direction': 50, 'speed': 3}, {'layer': '700mb', 'direction': 30, 'speed': 2}, {'layer': '650mb', 'direction': 255, 'speed': 2}, {'layer': '600mb', 'direction': 215, 'speed': 3}, {'layer': '550mb', 'direction': 205, 'speed': 3}, {'layer': '500mb', 'direction': 50, 'speed': 3}, {'layer': '450mb', 'direction': 230, 'speed': 2}, {'layer': '400mb', 'direction': 185, 'speed': 2}, {'layer': '350mb', 'direction': 95, 'speed': 3}, {'layer': '300mb', 'direction': 50, 'speed': 6}, {'layer': '250mb', 'direction': 45, 'speed': 3}, {'layer': '200mb', 'direction': 285, 'speed': 5}]",26,2,11,1011,none,1,0,115,4,-5.6816069,144.2489081,Papua New Guinea
12,39,3,-9999,-9999,-9999,"[{'layer': '950mb', 'rh': 11}, {'layer': '900mb', 'rh': 11}, {'layer': '850mb', 'rh': 11}, {'layer': '800mb', 'rh': 13}, {'layer': '750mb', 'rh': -3}, {'layer': '700mb', 'rh': -3}, {'layer': '650mb', 'rh': -2}, {'layer': '600mb', 'rh': -3}, {'layer': '550mb', 'rh': -4}, {'layer': '500mb', 'rh': -4}, {'layer': '450mb', 'rh': -3}, {'layer': '400mb', 'rh': -3}, {'layer': '350mb', 'rh': 0}, {'layer': '300mb', 'rh': -2}, {'layer': '250mb', 'rh': -3}, {'layer': '200mb', 'rh': 1}]","[{'layer': '950mb', 'direction': 100, 'speed': 4}, {'layer': '900mb', 'direction': 85, 'speed': 4}, {'layer': '850mb', 'direction': 80, 'speed': 3}, {'layer': '800mb', 'direction': 90, 'speed': 3}, {'layer': '750mb', 'direction': 55, 'speed': 3}, {'layer': '700mb', 'direction': 15, 'speed': 2}, {'layer': '650mb', 'direction': 320, 'speed': 2}, {'layer': '600mb', 'direction': 200, 'speed': 2}, {'layer': '550mb', 'direction': 180, 'speed': 3}, {'layer': '500mb', 'direction': 45, 'speed': 3}, {'layer': '450mb', 'direction': 205, 'speed': 2}, {'layer': '400mb', 'direction': 195, 'speed': 3}, {'layer': '350mb', 'direction': 85, 'speed': 3}, {'layer': '300mb', 'direction': 45, 'speed': 5}, {'layer': '250mb', 'direction': 0, 'speed': 2}, {'layer': '200mb', 'direction': 275, 'speed': 5}]",26,2,11,1012,rain,2,0,110,3,-5.6816069,144.2489081,Papua New Guinea
13,42,4,-9999,-9999,-9999,"[{'layer': '950mb', 'rh': 14}, {'layer': '900mb', 'rh': 11}, {'layer': '850mb', 'rh': 11}, {'layer': '800mb', 'rh': 10}, {'layer': '750mb', 'rh': -2}, {'layer': '700mb', 'rh': -3}, {'layer': '650mb', 'rh': -2}, {'layer': '600mb', 'rh': -3}, {'layer': '550mb', 'rh': -4}, {'layer': '500mb', 'rh': -4}, {'layer': '450mb', 'rh': -3}, {'layer': '400mb', 'rh': -3}, {'layer': '350mb', 'rh': -1}, {'layer': '300mb', 'rh': -1}, {'layer': '250mb', 'rh': -2}, {'layer': '200mb', 'rh': 2}]","[{'layer': '950mb', 'direction': 105, 'speed': 4}, {'layer': '900mb', 'direction': 90, 'speed': 3}, {'layer': '850mb', 'direction': 75, 'speed': 3}, {'layer': '800mb', 'direction': 65, 'speed': 4}, {'layer': '750mb', 'direction': 50, 'speed': 3}, {'layer': '700mb', 'direction': 30, 'speed': 2}, {'layer': '650mb', 'direction': 40, 'speed': 2}, {'layer': '600mb', 'direction': 155, 'speed': 2}, {'layer': '550mb', 'direction': 155, 'speed': 3}, {'layer': '500mb', 'direction': 80, 'speed': 3}, {'layer': '450mb', 'direction': 165, 'speed': 3}, {'layer': '400mb', 'direction': 145, 'speed': 3}, {'layer': '350mb', 'direction': 60, 'speed': 4}, {'layer': '300mb', 'direction': 50, 'speed': 5}, {'layer': '250mb', 'direction': 25, 'speed': 3}, {'layer': '200mb', 'direction': 265, 'speed': 5}]",26,2,11,1014,rain,2,0,105,4,-5.6816069,144.2489081,Papua New Guinea
14,45,1,-9999,-9999,-9999,"[{'layer': '950mb', 'rh': 15}, {'layer': '900mb', 'rh': 11}, {'layer': '850mb', 'rh': 9}, {'layer': '800mb', 'rh': 7}, {'layer': '750mb', 'rh': -1}, {'layer': '700mb', 'rh': -3}, {'layer': '650mb', 'rh': -2}, {'layer': '600mb', 'rh': -3}, {'layer': '550mb', 'rh': -4}, {'layer': '500mb', 'rh': -4}, {'layer': '450mb', 'rh': -3}, {'layer': '400mb', 'rh': -3}, {'layer': '350mb', 'rh': -1}, {'layer': '300mb', 'rh': -3}, {'layer': '250mb', 'rh': -2}, {'layer': '200mb', 'rh': 3}]","[{'layer': '950mb', 'direction': 100, 'speed': 4}, {'layer': '900mb', 'direction': 90, 'speed': 4}, {'layer': '850mb', 'direction': 70, 'speed': 4}, {'layer': '800mb', 'direction': 55, 'speed': 4}, {'layer': '750mb', 'direction': 50, 'speed': 3}, {'layer': '700mb', 'direction': 30, 'speed': 2}, {'layer': '650mb', 'direction': 200, 'speed': 2}, {'layer': '600mb', 'direction': 175, 'speed': 2}, {'layer': '550mb', 'direction': 155, 'speed': 3}, {'layer': '500mb', 'direction': 85, 'speed': 3}, {'layer': '450mb', 'direction': 165, 'speed': 3}, {'layer': '400mb', 'direction': 135, 'speed': 3}, {'layer': '350mb', 'direction': 70, 'speed': 4}, {'layer': '300mb', 'direction': 55, 'speed': 6}, {'layer': '250mb', 'direction': 280, 'speed': 3}, {'layer': '200mb', 'direction': 260, 'speed': 5}]",26,2,11,1013,rain,2,0,105,3,-5.6816069,144.2489081,Papua New Guinea
15,48,1,-9999,-9999,-9999,"[{'layer': '950mb', 'rh': 15}, {'layer': '900mb', 'rh': 13}, {'layer': '850mb', 'rh': 12}, {'layer': '800mb', 'rh': 12}, {'layer': '750mb', 'rh': 4}, {'layer': '700mb', 'rh': -3}, {'layer': '650mb', 'rh': -3}, {'layer': '600mb', 'rh': -3}, {'layer': '550mb', 'rh': -3}, {'layer': '500mb', 'rh': -4}, {'layer': '450mb', 'rh': -3}, {'layer': '400mb', 'rh': -3}, {'layer': '350mb', 'rh': -1}, {'layer': '300mb', 'rh': -3}, {'layer': '250mb', 'rh': -2}, {'layer': '200mb', 'rh': 5}]","[{'layer': '950mb', 'direction': 105, 'speed': 4}, {'layer': '900mb', 'direction': 95, 'speed': 4}, {'layer': '850mb', 'direction': 85, 'speed': 4}, {'layer': '800mb', 'direction': 75, 'speed': 4}, {'layer': '750mb', 'direction': 55, 'speed': 3}, {'layer': '700mb', 'direction': 45, 'speed': 2}, {'layer': '650mb', 'direction': 140, 'speed': 2}, {'layer': '600mb', 'direction': 155, 'speed': 3}, {'layer': '550mb', 'direction': 155, 'speed': 3}, {'layer': '500mb', 'direction': 95, 'speed': 3}, {'layer': '450mb', 'direction': 155, 'speed': 3}, {'layer': '400mb', 'direction': 135, 'speed': 3}, {'layer': '350mb', 'direction': 70, 'speed': 4}, {'layer': '300mb', 'direction': 40, 'speed': 5}, {'layer': '250mb', 'direction': 260, 'speed': 4}, {'layer': '200mb', 'direction': 250, 'speed': 5}]",26,2,11,1011,none,2,0,105,3,-5.6816069,144.2489081,Papua New Guinea
16,51,1,-9999,-9999,-9999,"[{'layer': '950mb', 'rh': 15}, {'layer': '900mb', 'rh': 12}, {'layer': '850mb', 'rh': 12}, {'layer': '800mb', 'rh': 12}, {'layer': '750mb', 'rh': 4}, {'layer': '700mb', 'rh': -3}, {'layer': '650mb', 'rh': -3}, {'layer': '600mb', 'rh': -3}, {'layer': '550mb', 'rh': -3}, {'layer': '500mb', 'rh': -4}, {'layer': '450mb', 'rh': -3}, {'layer': '400mb', 'rh': -2}, {'layer': '350mb', 'rh': -2}, {'layer': '300mb', 'rh': -3}, {'layer': '250mb', 'rh': -2}, {'layer': '200mb', 'rh': 4}]","[{'layer': '950mb', 'direction': 105, 'speed': 4}, {'layer': '900mb', 'direction': 100, 'speed': 4}, {'layer': '850mb', 'direction': 90, 'speed': 4}, {'layer': '800mb', 'direction': 75, 'speed': 3}, {'layer': '750mb', 'direction': 55, 'speed': 3}, {'layer': '700mb', 'direction': 45, 'speed': 2}, {'layer': '650mb', 'direction': 110, 'speed': 2}, {'layer': '600mb', 'direction': 155, 'speed': 2}, {'layer': '550mb', 'direction': 155, 'speed': 3}, {'layer': '500mb', 'direction': 95, 'speed': 3}, {'layer': '450mb', 'direction': 110, 'speed': 3}, {'layer': '400mb', 'direction': 130, 'speed': 3}, {'layer': '350mb', 'direction': 65, 'speed': 5}, {'layer': '300mb', 'direction': 255, 'speed': 3}, {'layer': '250mb', 'direction': 235, 'speed': 4}, {'layer': '200mb', 'direction': 260, 'speed': 6}]",26,2,12,1011,rain,2,0,105,3,-5.6816069,144.2489081,Papua New Guinea
17,54,1,-9999,-9999,-9999,"[{'layer': '950mb', 'rh': 15}, {'layer': '900mb', 'rh': 13}, {'layer': '850mb', 'rh': 11}, {'layer': '800mb', 'rh': 11}, {'layer': '750mb', 'rh': 2}, {'layer': '700mb', 'rh': -3}, {'layer': '650mb', 'rh': -3}, {'layer': '600mb', 'rh': -3}, {'layer': '550mb', 'rh': -3}, {'layer': '500mb', 'rh': -4}, {'layer': '450mb', 'rh': -3}, {'layer': '400mb', 'rh': -3}, {'layer': '350mb', 'rh': -2}, {'layer': '300mb', 'rh': -3}, {'layer': '250mb', 'rh': -2}, {'layer': '200mb', 'rh': 1}]","[{'layer': '950mb', 'direction': 105, 'speed': 4}, {'layer': '900mb', 'direction': 100, 'speed': 4}, {'layer': '850mb', 'direction': 90, 'speed': 4}, {'layer': '800mb', 'direction': 75, 'speed': 4}, {'layer': '750mb', 'direction': 55, 'speed': 3}, {'layer': '700mb', 'direction': 35, 'speed': 3}, {'layer': '650mb', 'direction': 80, 'speed': 2}, {'layer': '600mb', 'direction': 145, 'speed': 3}, {'layer': '550mb', 'direction': 150, 'speed': 3}, {'layer': '500mb', 'direction': 105, 'speed': 3}, {'layer': '450mb', 'direction': 105, 'speed': 3}, {'layer': '400mb', 'direction': 130, 'speed': 3}, {'layer': '350mb', 'direction': 60, 'speed': 5}, {'layer': '300mb', 'direction': 215, 'speed': 4}, {'layer': '250mb', 'direction': 240, 'speed': 5}, {'layer': '200mb', 'direction': 260, 'speed': 6}]",25,2,12,1013,rain,2,0,110,3,-5.6816069,144.2489081,Papua New Guinea
18,57,2,-9999,-9999,-9999,"[{'layer': '950mb', 'rh': 15}, {'layer': '900mb', 'rh': 13}, {'layer': '850mb', 'rh': 11}, {'layer': '800mb', 'rh': 11}, {'layer': '750mb', 'rh': 8}, {'layer': '700mb', 'rh': -2}, {'layer': '650mb', 'rh': -3}, {'layer': '600mb', 'rh': -2}, {'layer': '550mb', 'rh': -3}, {'layer': '500mb', 'rh': -4}, {'layer': '450mb', 'rh': -3}, {'layer': '400mb', 'rh': -3}, {'layer': '350mb', 'rh': -2}, {'layer': '300mb', 'rh': -3}, {'layer': '250mb', 'rh': -1}, {'layer': '200mb', 'rh': 3}]","[{'layer': '950mb', 'direction': 105, 'speed': 4}, {'layer': '900mb', 'direction': 100, 'speed': 4}, {'layer': '850mb', 'direction': 90, 'speed': 4}, {'layer': '800mb', 'direction': 80, 'speed': 3}, {'layer': '750mb', 'direction': 70, 'speed': 3}, {'layer': '700mb', 'direction': 45, 'speed': 3}, {'layer': '650mb', 'direction': 50, 'speed': 2}, {'layer': '600mb', 'direction': 125, 'speed': 2}, {'layer': '550mb', 'direction': 145, 'speed': 3}, {'layer': '500mb', 'direction': 90, 'speed': 3}, {'layer': '450mb', 'direction': 100, 'speed': 3}, {'layer': '400mb', 'direction': 100, 'speed': 3}, {'layer': '350mb', 'direction': 55, 'speed': 5}, {'layer': '300mb', 'direction': 215, 'speed': 4}, {'layer': '250mb', 'direction': 240, 'speed': 5}, {'layer': '200mb', 'direction': 260, 'speed': 6}]",26,2,12,1013,rain,2,0,105,4,-5.6816069,144.2489081,Papua New Guinea
19,60,2,-9999,-9999,-9999,"[{'layer': '950mb', 'rh': 15}, {'layer': '900mb', 'rh': 13}, {'layer': '850mb', 'rh': 12}, {'layer': '800mb', 'rh': 11}, {'layer': '750mb', 'rh': 7}, {'layer': '700mb', 'rh': 2}, {'layer': '650mb', 'rh': -3}, {'layer': '600mb', 'rh': -2}, {'layer': '550mb', 'rh': -3}, {'layer': '500mb', 'rh': -3}, {'layer': '450mb', 'rh': -3}, {'layer': '400mb', 'rh': -2}, {'layer': '350mb', 'rh': -2}, {'layer': '300mb', 'rh': -3}, {'layer': '250mb', 'rh': -1}, {'layer': '200mb', 'rh': 3}]","[{'layer': '950mb', 'direction': 105, 'speed': 4}, {'layer': '900mb', 'direction': 100, 'speed': 4}, {'layer': '850mb', 'direction': 95, 'speed': 4}, {'layer': '800mb', 'direction': 85, 'speed': 3}, {'layer': '750mb', 'direction': 75, 'speed': 3}, {'layer': '700mb', 'direction': 55, 'speed': 3}, {'layer': '650mb', 'direction': 50, 'speed': 2}, {'layer': '600mb', 'direction': 115, 'speed': 3}, {'layer': '550mb', 'direction': 140, 'speed': 3}, {'layer': '500mb', 'direction': 95, 'speed': 3}, {'layer': '450mb', 'direction': 125, 'speed': 3}, {'layer': '400mb', 'direction': 80, 'speed': 4}, {'layer': '350mb', 'direction': 50, 'speed': 5}, {'layer': '300mb', 'direction': 215, 'speed': 3}, {'layer': '250mb', 'direction': 250, 'speed': 5}, {'layer': '200mb', 'direction': 260, 'speed': 6}]",25,2,12,1012,rain,2,0,105,4,-5.6816069,144.2489081,Papua New Guinea
20,63,1,-9999,-9999,-9999,"[{'layer': '950mb', 'rh': 15}, {'layer': '900mb', 'rh': 13}, {'layer': '850mb', 'rh': 12}, {'layer': '800mb', 'rh': 9}, {'layer': '750mb', 'rh': 6}, {'layer': '700mb', 'rh': -1}, {'layer': '650mb', 'rh': -3}, {'layer': '600mb', 'rh': -2}, {'layer': '550mb', 'rh': -3}, {'layer': '500mb', 'rh': -3}, {'layer': '450mb', 'rh': -3}, {'layer': '400mb', 'rh': -1}, {'layer': '350mb', 'rh': -1}, {'layer': '300mb', 'rh': -3}, {'layer': '250mb', 'rh': 0}, {'layer': '200mb', 'rh': 1}]","[{'layer': '950mb', 'direction': 105, 'speed': 4}, {'layer': '900mb', 'direction': 100, 'speed': 4}, {'layer': '850mb', 'direction': 95, 'speed': 4}, {'layer': '800mb', 'direction': 85, 'speed': 3}, {'layer': '750mb', 'direction': 80, 'speed': 3}, {'layer': '700mb', 'direction': 55, 'speed': 3}, {'layer': '650mb', 'direction': 65, 'speed': 2}, {'layer': '600mb', 'direction': 110, 'speed': 3}, {'layer': '550mb', 'direction': 125, 'speed': 3}, {'layer': '500mb', 'direction': 100, 'speed': 3}, {'layer': '450mb', 'direction': 115, 'speed': 3}, {'layer': '400mb', 'direction': 75, 'speed': 4}, {'layer': '350mb', 'direction': 45, 'speed': 5}, {'layer': '300mb', 'direction': 220, 'speed': 4}, {'layer': '250mb', 'direction': 235, 'speed': 5}, {'layer': '200mb', 'direction': 255, 'speed': 7}]",25,2,12,1013,rain,2,0,100,4,-5.6816069,144.2489081,Papua New Guinea
21,66,1,-9999,-9999,-9999,"[{'layer': '950mb', 'rh': 15}, {'layer': '900mb', 'rh': 13}, {'layer': '850mb', 'rh': 12}, {'layer': '800mb', 'rh': 7}, {'layer': '750mb', 'rh': 3}, {'layer': '700mb', 'rh': -2}, {'layer': '650mb', 'rh': -3}, {'layer': '600mb', 'rh': -2}, {'layer': '550mb', 'rh': -3}, {'layer': '500mb', 'rh': -3}, {'layer': '450mb', 'rh': -3}, {'layer': '400mb', 'rh': -1}, {'layer': '350mb', 'rh': -2}, {'layer': '300mb', 'rh': -3}, {'layer': '250mb', 'rh': -1}, {'layer': '200mb', 'rh': 1}]","[{'layer': '950mb', 'direction': 105, 'speed': 4}, {'layer': '900mb', 'direction': 100, 'speed': 5}, {'layer': '850mb', 'direction': 90, 'speed': 4}, {'layer': '800mb', 'direction': 85, 'speed': 3}, {'layer': '750mb', 'direction': 80, 'speed': 3}, {'layer': '700mb', 'direction': 70, 'speed': 3}, {'layer': '650mb', 'direction': 80, 'speed': 2}, {'layer': '600mb', 'direction': 120, 'speed': 3}, {'layer': '550mb', 'direction': 120, 'speed': 3}, {'layer': '500mb', 'direction': 95, 'speed': 3}, {'layer': '450mb', 'direction': 125, 'speed': 3}, {'layer': '400mb', 'direction': 80, 'speed': 4}, {'layer': '350mb', 'direction': 60, 'speed': 3}, {'layer': '300mb', 'direction': 225, 'speed': 5}, {'layer': '250mb', 'direction': 250, 'speed': 6}, {'layer': '200mb', 'direction': 255, 'speed': 7}]",26,-1,12,1015,rain,2,0,100,4,-5.6816069,144.2489081,Papua New Guinea
22,69,1,-9999,-9999,-9999,"[{'layer': '950mb', 'rh': 15}, {'layer': '900mb', 'rh': 13}, {'layer': '850mb', 'rh': 12}, {'layer': '800mb', 'rh': 7}, {'layer': '750mb', 'rh': 2}, {'layer': '700mb', 'rh': -2}, {'layer': '650mb', 'rh': -3}, {'layer': '600mb', 'rh': -2}, {'layer': '550mb', 'rh': -3}, {'layer': '500mb', 'rh': -3}, {'layer': '450mb', 'rh': -3}, {'layer': '400mb', 'rh': -1}, {'layer': '350mb', 'rh': -2}, {'layer': '300mb', 'rh': -2}, {'layer': '250mb', 'rh': 0}, {'layer': '200mb', 'rh': 2}]","[{'layer': '950mb', 'direction': 105, 'speed': 4}, {'layer': '900mb', 'direction': 100, 'speed': 5}, {'layer': '850mb', 'direction': 95, 'speed': 4}, {'layer': '800mb', 'direction': 85, 'speed': 3}, {'layer': '750mb', 'direction': 80, 'speed': 3}, {'layer': '700mb', 'direction': 75, 'speed': 3}, {'layer': '650mb', 'direction': 90, 'speed': 2}, {'layer': '600mb', 'direction': 120, 'speed': 3}, {'layer': '550mb', 'direction': 125, 'speed': 3}, {'layer': '500mb', 'direction': 95, 'speed': 3}, {'layer': '450mb', 'direction': 135, 'speed': 3}, {'layer': '400mb', 'direction': 85, 'speed': 3}, {'layer': '350mb', 'direction': 60, 'speed': 4}, {'layer': '300mb', 'direction': 220, 'speed': 5}, {'layer': '250mb', 'direction': 255, 'speed': 6}, {'layer': '200mb', 'direction': 260, 'speed': 7}]",26,2,12,1014,rain,2,0,105,4,-5.6816069,144.2489081,Papua New Guinea
23,72,1,-9999,-9999,-9999,"[{'layer': '950mb', 'rh': 15}, {'layer': '900mb', 'rh': 13}, {'layer': '850mb', 'rh': 13}, {'layer': '800mb', 'rh': 8}, {'layer': '750mb', 'rh': 2}, {'layer': '700mb', 'rh': -2}, {'layer': '650mb', 'rh': -3}, {'layer': '600mb', 'rh': -2}, {'layer': '550mb', 'rh': -3}, {'layer': '500mb', 'rh': -4}, {'layer': '450mb', 'rh': -3}, {'layer': '400mb', 'rh': -2}, {'layer': '350mb', 'rh': -3}, {'layer': '300mb', 'rh': -2}, {'layer': '250mb', 'rh': -1}, {'layer': '200mb', 'rh': 2}]","[{'layer': '950mb', 'direction': 110, 'speed': 4}, {'layer': '900mb', 'direction': 105, 'speed': 4}, {'layer': '850mb', 'direction': 100, 'speed': 4}, {'layer': '800mb', 'direction': 95, 'speed': 3}, {'layer': '750mb', 'direction': 85, 'speed': 3}, {'layer': '700mb', 'direction': 85, 'speed': 3}, {'layer': '650mb', 'direction': 95, 'speed': 2}, {'layer': '600mb', 'direction': 110, 'speed': 3}, {'layer': '550mb', 'direction': 130, 'speed': 3}, {'layer': '500mb', 'direction': 95, 'speed': 3}, {'layer': '450mb', 'direction': 140, 'speed': 3}, {'layer': '400mb', 'direction': 60, 'speed': 4}, {'layer': '350mb', 'direction': 130, 'speed': 2}, {'layer': '300mb', 'direction': 230, 'speed': 5}, {'layer': '250mb', 'direction': 255, 'speed': 6}, {'layer': '200mb', 'direction': 260, 'speed': 7}]",26,-1,12,1011,rain,2,0,110,4,-5.6816069,144.2489081,Papua New Guinea
24,75,2,-9999,-9999,-9999,"[{'layer': '950mb', 'rh': 15}, {'layer': '900mb', 'rh': 13}, {'layer': '850mb', 'rh': 12}, {'layer': '800mb', 'rh': 9}, {'layer': '750mb', 'rh': 1}, {'layer': '700mb', 'rh': -2}, {'layer': '650mb', 'rh': -3}, {'layer': '600mb', 'rh': -2}, {'layer': '550mb', 'rh': -3}, {'layer': '500mb', 'rh': -3}, {'layer': '450mb', 'rh': -3}, {'layer': '400mb', 'rh': -1}, {'layer': '350mb', 'rh': -3}, {'layer': '300mb', 'rh': -2}, {'layer': '250mb', 'rh': 0}, {'layer': '200mb', 'rh': 3}]","[{'layer': '950mb', 'direction': 120, 'speed': 4}, {'layer': '900mb', 'direction': 110, 'speed': 4}, {'layer': '850mb', 'direction': 100, 'speed': 4}, {'layer': '800mb', 'direction': 95, 'speed': 3}, {'layer': '750mb', 'direction': 85, 'speed': 3}, {'layer': '700mb', 'direction': 90, 'speed': 2}, {'layer': '650mb', 'direction': 85, 'speed': 2}, {'layer': '600mb', 'direction': 95, 'speed': 3}, {'layer': '550mb', 'direction': 120, 'speed': 3}, {'layer': '500mb', 'direction': 90, 'speed': 3}, {'layer': '450mb', 'direction': 120, 'speed': 3}, {'layer': '400mb', 'direction': 55, 'speed': 4}, {'layer': '350mb', 'direction': 170, 'speed': 3}, {'layer': '300mb', 'direction': 240, 'speed': 4}, {'layer': '250mb', 'direction': 265, 'speed': 6}, {'layer': '200mb', 'direction': 265, 'speed': 7}]",26,-1,12,1012,rain,2,0,120,4,-5.6816069,144.2489081,Papua New Guinea
25,78,2,-9999,-9999,-9999,"[{'layer': '950mb', 'rh': 15}, {'layer': '900mb', 'rh': 13}, {'layer': '850mb', 'rh': 13}, {'layer': '800mb', 'rh': 10}, {'layer': '750mb', 'rh': 7}, {'layer': '700mb', 'rh': -1}, {'layer': '650mb', 'rh': -2}, {'layer': '600mb', 'rh': -3}, {'layer': '550mb', 'rh': -3}, {'layer': '500mb', 'rh': -3}, {'layer': '450mb', 'rh': -3}, {'layer': '400mb', 'rh': -2}, {'layer': '350mb', 'rh': -3}, {'layer': '300mb', 'rh': -2}, {'layer': '250mb', 'rh': 0}, {'layer': '200mb', 'rh': 4}]","[{'layer': '950mb', 'direction': 120, 'speed': 5}, {'layer': '900mb', 'direction': 115, 'speed': 5}, {'layer': '850mb', 'direction': 105, 'speed': 4}, {'layer': '800mb', 'direction': 95, 'speed': 3}, {'layer': '750mb', 'direction': 90, 'speed': 3}, {'layer': '700mb', 'direction': 80, 'speed': 2}, {'layer': '650mb', 'direction': 75, 'speed': 3}, {'layer': '600mb', 'direction': 80, 'speed': 3}, {'layer': '550mb', 'direction': 105, 'speed': 3}, {'layer': '500mb', 'direction': 95, 'speed': 3}, {'layer': '450mb', 'direction': 105, 'speed': 3}, {'layer': '400mb', 'direction': 55, 'speed': 5}, {'layer': '350mb', 'direction': 170, 'speed': 3}, {'layer': '300mb', 'direction': 250, 'speed': 4}, {'layer': '250mb', 'direction': 265, 'speed': 6}, {'layer': '200mb', 'direction': 270, 'speed': 7}]",25,-1,12,1014,rain,3,0,120,4,-5.6816069,144.2489081,Papua New Guinea
26,81,1,-9999,-9999,-9999,"[{'layer': '950mb', 'rh': 15}, {'layer': '900mb', 'rh': 13}, {'layer': '850mb', 'rh': 14}, {'layer': '800mb', 'rh': 11}, {'layer': '750mb', 'rh': 7}, {'layer': '700mb', 'rh': -1}, {'layer': '650mb', 'rh': -3}, {'layer': '600mb', 'rh': -3}, {'layer': '550mb', 'rh': -3}, {'layer': '500mb', 'rh': -4}, {'layer': '450mb', 'rh': -3}, {'layer': '400mb', 'rh': -2}, {'layer': '350mb', 'rh': -3}, {'layer': '300mb', 'rh': -2}, {'layer': '250mb', 'rh': -1}, {'layer': '200mb', 'rh': 4}]","[{'layer': '950mb', 'direction': 120, 'speed': 5}, {'layer': '900mb', 'direction': 115, 'speed': 5}, {'layer': '850mb', 'direction': 105, 'speed': 4}, {'layer': '800mb', 'direction': 90, 'speed': 3}, {'layer': '750mb', 'direction': 80, 'speed': 3}, {'layer': '700mb', 'direction': 80, 'speed': 2}, {'layer': '650mb', 'direction': 60, 'speed': 2}, {'layer': '600mb', 'direction': 75, 'speed': 3}, {'layer': '550mb', 'direction': 105, 'speed': 3}, {'layer': '500mb', 'direction': 85, 'speed': 3}, {'layer': '450mb', 'direction': 65, 'speed': 3}, {'layer': '400mb', 'direction': 50, 'speed': 4}, {'layer': '350mb', 'direction': 210, 'speed': 3}, {'layer': '300mb', 'direction': 260, 'speed': 5}, {'layer': '250mb', 'direction': 260, 'speed': 6}, {'layer': '200mb', 'direction': 270, 'speed': 7}]",26,-1,12,1014,rain,3,0,120,4,-5.6816069,144.2489081,Papua New Guinea
27,84,1,-9999,-9999,-9999,"[{'layer': '950mb', 'rh': 14}, {'layer': '900mb', 'rh': 13}, {'layer': '850mb', 'rh': 13}, {'layer': '800mb', 'rh': 12}, {'layer': '750mb', 'rh': 8}, {'layer': '700mb', 'rh': 3}, {'layer': '650mb', 'rh': -3}, {'layer': '600mb', 'rh': -3}, {'layer': '550mb', 'rh': -3}, {'layer': '500mb', 'rh': -4}, {'layer': '450mb', 'rh': -3}, {'layer': '400mb', 'rh': -1}, {'layer': '350mb', 'rh': -2}, {'layer': '300mb', 'rh': -2}, {'layer': '250mb', 'rh': 0}, {'layer': '200mb', 'rh': 4}]","[{'layer': '950mb', 'direction': 120, 'speed': 4}, {'layer': '900mb', 'direction': 120, 'speed': 4}, {'layer': '850mb', 'direction': 105, 'speed': 4}, {'layer': '800mb', 'direction': 90, 'speed': 3}, {'layer': '750mb', 'direction': 75, 'speed': 3}, {'layer': '700mb', 'direction': 65, 'speed': 3}, {'layer': '650mb', 'direction': 55, 'speed': 2}, {'layer': '600mb', 'direction': 70, 'speed': 3}, {'layer': '550mb', 'direction': 100, 'speed': 3}, {'layer': '500mb', 'direction': 85, 'speed': 3}, {'layer': '450mb', 'direction': 100, 'speed': 3}, {'layer': '400mb', 'direction': 40, 'speed': 5}, {'layer': '350mb', 'direction': 200, 'speed': 4}, {'layer': '300mb', 'direction': 260, 'speed': 5}, {'layer': '250mb', 'direction': 265, 'speed': 7}, {'layer': '200mb', 'direction': 275, 'speed': 7}]",25,2,11,1012,rain,3,0,120,4,-5.6816069,144.2489081,Papua New Guinea
28,87,1,-9999,-9999,-9999,"[{'layer': '950mb', 'rh': 14}, {'layer': '900mb', 'rh': 13}, {'layer': '850mb', 'rh': 12}, {'layer': '800mb', 'rh': 12}, {'layer': '750mb', 'rh': 9}, {'layer': '700mb', 'rh': 6}, {'layer': '650mb', 'rh': -2}, {'layer': '600mb', 'rh': -3}, {'layer': '550mb', 'rh': -3}, {'layer': '500mb', 'rh': -4}, {'layer': '450mb', 'rh': -3}, {'layer': '400mb', 'rh': -1}, {'layer': '350mb', 'rh': -2}, {'layer': '300mb', 'rh': -2}, {'layer': '250mb', 'rh': 1}, {'layer': '200mb', 'rh': 3}]","[{'layer': '950mb', 'direction': 120, 'speed': 4}, {'layer': '900mb', 'direction': 115, 'speed': 4}, {'layer': '850mb', 'direction': 100, 'speed': 4}, {'layer': '800mb', 'direction': 95, 'speed': 3}, {'layer': '750mb', 'direction': 100, 'speed': 3}, {'layer': '700mb', 'direction': 85, 'speed': 3}, {'layer': '650mb', 'direction': 50, 'speed': 3}, {'layer': '600mb', 'direction': 65, 'speed': 3}, {'layer': '550mb', 'direction': 95, 'speed': 3}, {'layer': '500mb', 'direction': 85, 'speed': 3}, {'layer': '450mb', 'direction': 120, 'speed': 3}, {'layer': '400mb', 'direction': 40, 'speed': 4}, {'layer': '350mb', 'direction': 205, 'speed': 3}, {'layer': '300mb', 'direction': 260, 'speed': 5}, {'layer': '250mb', 'direction': 265, 'speed': 6}, {'layer': '200mb', 'direction': 280, 'speed': 6}]",26,2,11,1013,none,3,0,110,4,-5.6816069,144.2489081,Papua New Guinea
29,90,1,-9999,-9999,-9999,"[{'layer': '950mb', 'rh': 14}, {'layer': '900mb', 'rh': 12}, {'layer': '850mb', 'rh': 10}, {'layer': '800mb', 'rh': 9}, {'layer': '750mb', 'rh': 7}, {'layer': '700mb', 'rh': 3}, {'layer': '650mb', 'rh': -3}, {'layer': '600mb', 'rh': -4}, {'layer': '550mb', 'rh': -4}, {'layer': '500mb', 'rh': -4}, {'layer': '450mb', 'rh': -3}, {'layer': '400mb', 'rh': -2}, {'layer': '350mb', 'rh': -2}, {'layer': '300mb', 'rh': -1}, {'layer': '250mb', 'rh': 1}, {'layer': '200mb', 'rh': 3}]","[{'layer': '950mb', 'direction': 115, 'speed': 5}, {'layer': '900mb', 'direction': 105, 'speed': 4}, {'layer': '850mb', 'direction': 95, 'speed': 3}, {'layer': '800mb', 'direction': 95, 'speed': 3}, {'layer': '750mb', 'direction': 110, 'speed': 2}, {'layer': '700mb', 'direction': 100, 'speed': 2}, {'layer': '650mb', 'direction': 45, 'speed': 2}, {'layer': '600mb', 'direction': 55, 'speed': 3}, {'layer': '550mb', 'direction': 70, 'speed': 3}, {'layer': '500mb', 'direction': 75, 'speed': 3}, {'layer': '450mb', 'direction': 120, 'speed': 3}, {'layer': '400mb', 'direction': 40, 'speed': 3}, {'layer': '350mb', 'direction': 200, 'speed': 3}, {'layer': '300mb', 'direction': 250, 'speed': 5}, {'layer': '250mb', 'direction': 265, 'speed': 6}, {'layer': '200mb', 'direction': 285, 'speed': 6}]",26,2,11,1014,none,3,0,115,4,-5.6816069,144.2489081,Papua New Guinea
30,93,2,-9999,-9999,-9999,"[{'layer': '950mb', 'rh': 14}, {'layer': '900mb', 'rh': 14}, {'layer': '850mb', 'rh': 11}, {'layer': '800mb', 'rh': 8}, {'layer': '750mb', 'rh': 7}, {'layer': '700mb', 'rh': 0}, {'layer': '650mb', 'rh': -3}, {'layer': '600mb', 'rh': -4}, {'layer': '550mb', 'rh': -4}, {'layer': '500mb', 'rh': -4}, {'layer': '450mb', 'rh': -3}, {'layer': '400mb', 'rh': -2}, {'layer': '350mb', 'rh': -1}, {'layer': '300mb', 'rh': 0}, {'layer': '250mb', 'rh': 0}, {'layer': '200mb', 'rh': 2}]","[{'layer': '950mb', 'direction': 110, 'speed': 4}, {'layer': '900mb', 'direction': 105, 'speed': 4}, {'layer': '850mb', 'direction': 95, 'speed': 3}, {'layer': '800mb', 'direction': 100, 'speed': 3}, {'layer': '750mb', 'direction': 100, 'speed': 2}, {'layer': '700mb', 'direction': 65, 'speed': 2}, {'layer': '650mb', 'direction': 40, 'speed': 3}, {'layer': '600mb', 'direction': 45, 'speed': 3}, {'layer': '550mb', 'direction': 55, 'speed': 3}, {'layer': '500mb', 'direction': 65, 'speed': 3}, {'layer': '450mb', 'direction': 115, 'speed': 3}, {'layer': '400mb', 'direction': 35, 'speed': 4}, {'layer': '350mb', 'direction': 205, 'speed': 3}, {'layer': '300mb', 'direction': 245, 'speed': 5}, {'layer': '250mb', 'direction': 265, 'speed': 6}, {'layer': '200mb', 'direction': 285, 'speed': 6}]",26,2,11,1013,rain,3,0,115,4,-5.6816069,144.2489081,Papua New Guinea
31,96,5,-9999,-9999,-9999,"[{'layer': '950mb', 'rh': 14}, {'layer': '900mb', 'rh': 14}, {'layer': '850mb', 'rh': 10}, {'layer': '800mb', 'rh': 7}, {'layer': '750mb', 'rh': 5}, {'layer': '700mb', 'rh': -2}, {'layer': '650mb', 'rh': -4}, {'layer': '600mb', 'rh': -4}, {'layer': '550mb', 'rh': -4}, {'layer': '500mb', 'rh': -4}, {'layer': '450mb', 'rh': -3}, {'layer': '400mb', 'rh': -1}, {'layer': '350mb', 'rh': -1}, {'layer': '300mb', 'rh': 0}, {'layer': '250mb', 'rh': 1}, {'layer': '200mb', 'rh': 1}]","[{'layer': '950mb', 'direction': 115, 'speed': 4}, {'layer': '900mb', 'direction': 105, 'speed': 4}, {'layer': '850mb', 'direction': 95, 'speed': 3}, {'layer': '800mb', 'direction': 95, 'speed': 3}, {'layer': '750mb', 'direction': 85, 'speed': 2}, {'layer': '700mb', 'direction': 45, 'speed': 2}, {'layer': '650mb', 'direction': 35, 'speed': 3}, {'layer': '600mb', 'direction': 40, 'speed': 3}, {'layer': '550mb', 'direction': 40, 'speed': 3}, {'layer': '500mb', 'direction': 50, 'speed': 3}, {'layer': '450mb', 'direction': 125, 'speed': 2}, {'layer': '400mb', 'direction': 25, 'speed': 3}, {'layer': '350mb', 'direction': 200, 'speed': 3}, {'layer': '300mb', 'direction': 245, 'speed': 5}, {'layer': '250mb', 'direction': 280, 'speed': 6}, {'layer': '200mb', 'direction': 285, 'speed': 6}]",26,2,11,1010,rain,3,0,115,4,-5.6816069,144.2489081,Papua New Guinea
32,99,9,-9999,-9999,-9999,"[{'layer': '950mb', 'rh': 13}, {'layer': '900mb', 'rh': 15}, {'layer': '850mb', 'rh': 9}, {'layer': '800mb', 'rh': 5}, {'layer': '750mb', 'rh': 1}, {'layer': '700mb', 'rh': -2}, {'layer': '650mb', 'rh': -3}, {'layer': '600mb', 'rh': -4}, {'layer': '550mb', 'rh': -4}, {'layer': '500mb', 'rh': -4}, {'layer': '450mb', 'rh': -3}, {'layer': '400mb', 'rh': -1}, {'layer': '350mb', 'rh': 0}, {'layer': '300mb', 'rh': 1}, {'layer': '250mb', 'rh': 0}, {'layer': '200mb', 'rh': 0}]","[{'layer': '950mb', 'direction': 115, 'speed': 4}, {'layer': '900mb', 'direction': 110, 'speed': 4}, {'layer': '850mb', 'direction': 95, 'speed': 3}, {'layer': '800mb', 'direction': 85, 'speed': 3}, {'layer': '750mb', 'direction': 70, 'speed': 2}, {'layer': '700mb', 'direction': 60, 'speed': 2}, {'layer': '650mb', 'direction': 45, 'speed': 2}, {'layer': '600mb', 'direction': 35, 'speed': 3}, {'layer': '550mb', 'direction': 30, 'speed': 3}, {'layer': '500mb', 'direction': 40, 'speed': 3}, {'layer': '450mb', 'direction': 95, 'speed': 2}, {'layer': '400mb', 'direction': 30, 'speed': 3}, {'layer': '350mb', 'direction': 215, 'speed': 3}, {'layer': '300mb', 'direction': 250, 'speed': 5}, {'layer': '250mb', 'direction': 285, 'speed': 6}, {'layer': '200mb', 'direction': 295, 'speed': 6}]",26,2,11,1011,none,3,0,115,4,-5.6816069,144.2489081,Papua New Guinea
33,102,9,-9999,-9999,-9999,"[{'layer': '950mb', 'rh': 13}, {'layer': '900mb', 'rh': 15}, {'layer': '850mb', 'rh': 9}, {'layer': '800mb', 'rh': 4}, {'layer': '750mb', 'rh': 1}, {'layer': '700mb', 'rh': -2}, {'layer': '650mb', 'rh': -4}, {'layer': '600mb', 'rh': -4}, {'layer': '550mb', 'rh': -4}, {'layer': '500mb', 'rh': -4}, {'layer': '450mb', 'rh': -3}, {'layer': '400mb', 'rh': -2}, {'layer': '350mb', 'rh': 2}, {'layer': '300mb', 'rh': -1}, {'layer': '250mb', 'rh': 0}, {'layer': '200mb', 'rh': -1}]","[{'layer': '950mb', 'direction': 115, 'speed': 4}, {'layer': '900mb', 'direction': 115, 'speed': 4}, {'layer': '850mb', 'direction': 100, 'speed': 4}, {'layer': '800mb', 'direction': 90, 'speed': 3}, {'layer': '750mb', 'direction': 60, 'speed': 3}, {'layer': '700mb', 'direction': 55, 'speed': 3}, {'layer': '650mb', 'direction': 45, 'speed': 3}, {'layer': '600mb', 'direction': 35, 'speed': 3}, {'layer': '550mb', 'direction': 20, 'speed': 3}, {'layer': '500mb', 'direction': 20, 'speed': 3}, {'layer': '450mb', 'direction': 70, 'speed': 3}, {'layer': '400mb', 'direction': 35, 'speed': 3}, {'layer': '350mb', 'direction': 235, 'speed': 4}, {'layer': '300mb', 'direction': 255, 'speed': 5}, {'layer': '250mb', 'direction': 290, 'speed': 6}, {'layer': '200mb', 'direction': 295, 'speed': 6}]",26,2,10,1012,none,3,0,115,4,-5.6816069,144.2489081,Papua New Guinea
34,105,9,-9999,-9999,-9999,"[{'layer': '950mb', 'rh': 13}, {'layer': '900mb', 'rh': 15}, {'layer': '850mb', 'rh': 8}, {'layer': '800mb', 'rh': 5}, {'layer': '750mb', 'rh': 0}, {'layer': '700mb', 'rh': -2}, {'layer': '650mb', 'rh': -4}, {'layer': '600mb', 'rh': -4}, {'layer': '550mb', 'rh': -4}, {'layer': '500mb', 'rh': -3}, {'layer': '450mb', 'rh': -3}, {'layer': '400mb', 'rh': -2}, {'layer': '350mb', 'rh': 2}, {'layer': '300mb', 'rh': 1}, {'layer': '250mb', 'rh': 0}, {'layer': '200mb', 'rh': -1}]","[{'layer': '950mb', 'direction': 115, 'speed': 4}, {'layer': '900mb', 'direction': 105, 'speed': 4}, {'layer': '850mb', 'direction': 100, 'speed': 4}, {'layer': '800mb', 'direction': 100, 'speed': 3}, {'layer': '750mb', 'direction': 60, 'speed': 3}, {'layer': '700mb', 'direction': 45, 'speed': 3}, {'layer': '650mb', 'direction': 40, 'speed': 3}, {'layer': '600mb', 'direction': 30, 'speed': 3}, {'layer': '550mb', 'direction': 20, 'speed': 3}, {'layer': '500mb', 'direction': 355, 'speed': 3}, {'layer': '450mb', 'direction': 35, 'speed': 3}, {'layer': '400mb', 'direction': 355, 'speed': 3}, {'layer': '350mb', 'direction': 235, 'speed': 4}, {'layer': '300mb', 'direction': 265, 'speed': 5}, {'layer': '250mb', 'direction': 290, 'speed': 6}, {'layer': '200mb', 'direction': 300, 'speed': 6}]",25,2,10,1012,rain,3,0,110,3,-5.6816069,144.2489081,Papua New Guinea
35,108,8,-9999,-9999,-9999,"[{'layer': '950mb', 'rh': 15}, {'layer': '900mb', 'rh': 13}, {'layer': '850mb', 'rh': 12}, {'layer': '800mb', 'rh': 6}, {'layer': '750mb', 'rh': 1}, {'layer': '700mb', 'rh': -2}, {'layer': '650mb', 'rh': -4}, {'layer': '600mb', 'rh': -4}, {'layer': '550mb', 'rh': -4}, {'layer': '500mb', 'rh': -3}, {'layer': '450mb', 'rh': -3}, {'layer': '400mb', 'rh': -2}, {'layer': '350mb', 'rh': 1}, {'layer': '300mb', 'rh': -1}, {'layer': '250mb', 'rh': 0}, {'layer': '200mb', 'rh': -1}]","[{'layer': '950mb', 'direction': 120, 'speed': 4}, {'layer': '900mb', 'direction': 105, 'speed': 4}, {'layer': '850mb', 'direction': 100, 'speed': 4}, {'layer': '800mb', 'direction': 100, 'speed': 3}, {'layer': '750mb', 'direction': 65, 'speed': 3}, {'layer': '700mb', 'direction': 40, 'speed': 3}, {'layer': '650mb', 'direction': 35, 'speed': 3}, {'layer': '600mb', 'direction': 20, 'speed': 3}, {'layer': '550mb', 'direction': 10, 'speed': 3}, {'layer': '500mb', 'direction': 350, 'speed': 3}, {'layer': '450mb', 'direction': 30, 'speed': 3}, {'layer': '400mb', 'direction': 355, 'speed': 3}, {'layer': '350mb', 'direction': 245, 'speed': 4}, {'layer': '300mb', 'direction': 280, 'speed': 6}, {'layer': '250mb', 'direction': 290, 'speed': 6}, {'layer': '200mb', 'direction': 295, 'speed': 6}]",26,-1,12,1010,rain,3,0,110,3,-5.6816069,144.2489081,Papua New Guinea
36,111,2,-9999,-9999,-9999,"[{'layer': '950mb', 'rh': 15}, {'layer': '900mb', 'rh': 13}, {'layer': '850mb', 'rh': 11}, {'layer': '800mb', 'rh': 12}, {'layer': '750mb', 'rh': 1}, {'layer': '700mb', 'rh': -1}, {'layer': '650mb', 'rh': -3}, {'layer': '600mb', 'rh': -4}, {'layer': '550mb', 'rh': -4}, {'layer': '500mb', 'rh': -3}, {'layer': '450mb', 'rh': -3}, {'layer': '400mb', 'rh': -1}, {'layer': '350mb', 'rh': 1}, {'layer': '300mb', 'rh': -1}, {'layer': '250mb', 'rh': -1}, {'layer': '200mb', 'rh': -1}]","[{'layer': '950mb', 'direction': 110, 'speed': 4}, {'layer': '900mb', 'direction': 105, 'speed': 4}, {'layer': '850mb', 'direction': 100, 'speed': 4}, {'layer': '800mb', 'direction': 100, 'speed': 3}, {'layer': '750mb', 'direction': 60, 'speed': 2}, {'layer': '700mb', 'direction': 40, 'speed': 3}, {'layer': '650mb', 'direction': 40, 'speed': 3}, {'layer': '600mb', 'direction': 30, 'speed': 3}, {'layer': '550mb', 'direction': 15, 'speed': 3}, {'layer': '500mb', 'direction': 350, 'speed': 2}, {'layer': '450mb', 'direction': 20, 'speed': 3}, {'layer': '400mb', 'direction': 275, 'speed': 3}, {'layer': '350mb', 'direction': 240, 'speed': 4}, {'layer': '300mb', 'direction': 280, 'speed': 5}, {'layer': '250mb', 'direction': 295, 'speed': 6}, {'layer': '200mb', 'direction': 295, 'speed': 6}]",26,-1,12,1011,rain,3,0,115,3,-5.6816069,144.2489081,Papua New Guinea
37,114,2,-9999,-9999,-9999,"[{'layer': '950mb', 'rh': 15}, {'layer': '900mb', 'rh': 13}, {'layer': '850mb', 'rh': 12}, {'layer': '800mb', 'rh': 11}, {'layer': '750mb', 'rh': 1}, {'layer': '700mb', 'rh': -2}, {'layer': '650mb', 'rh': -3}, {'layer': '600mb', 'rh': -4}, {'layer': '550mb', 'rh': -4}, {'layer': '500mb', 'rh': -3}, {'layer': '450mb', 'rh': -3}, {'layer': '400mb', 'rh': -1}, {'layer': '350mb', 'rh': -1}, {'layer': '300mb', 'rh': 0}, {'layer': '250mb', 'rh': -1}, {'layer': '200mb', 'rh': -2}]","[{'layer': '950mb', 'direction': 110, 'speed': 4}, {'layer': '900mb', 'direction': 100, 'speed': 4}, {'layer': '850mb', 'direction': 95, 'speed': 4}, {'layer': '800mb', 'direction': 95, 'speed': 3}, {'layer': '750mb', 'direction': 65, 'speed': 3}, {'layer': '700mb', 'direction': 45, 'speed': 3}, {'layer': '650mb', 'direction': 45, 'speed': 3}, {'layer': '600mb', 'direction': 30, 'speed': 3}, {'layer': '550mb', 'direction': 10, 'speed': 3}, {'layer': '500mb', 'direction': 0, 'speed': 2}, {'layer': '450mb', 'direction': 25, 'speed': 3}, {'layer': '400mb', 'direction': 265, 'speed': 3}, {'layer': '350mb', 'direction': 255, 'speed': 5}, {'layer': '300mb', 'direction': 280, 'speed': 5}, {'layer': '250mb', 'direction': 305, 'speed': 6}, {'layer': '200mb', 'direction': 300, 'speed': 6}]",25,-1,12,1013,rain,3,0,110,4,-5.6816069,144.2489081,Papua New Guinea
38,117,2,-9999,-9999,-9999,"[{'layer': '950mb', 'rh': 14}, {'layer': '900mb', 'rh': 12}, {'layer': '850mb', 'rh': 13}, {'layer': '800mb', 'rh': 11}, {'layer': '750mb', 'rh': 2}, {'layer': '700mb', 'rh': -1}, {'layer': '650mb', 'rh': -3}, {'layer': '600mb', 'rh': -4}, {'layer': '550mb', 'rh': -4}, {'layer': '500mb', 'rh': -3}, {'layer': '450mb', 'rh': -2}, {'layer': '400mb', 'rh': -1}, {'layer': '350mb', 'rh': -1}, {'layer': '300mb', 'rh': 1}, {'layer': '250mb', 'rh': -1}, {'layer': '200mb', 'rh': -1}]","[{'layer': '950mb', 'direction': 110, 'speed': 4}, {'layer': '900mb', 'direction': 105, 'speed': 4}, {'layer': '850mb', 'direction': 100, 'speed': 4}, {'layer': '800mb', 'direction': 100, 'speed': 3}, {'layer': '750mb', 'direction': 75, 'speed': 3}, {'layer': '700mb', 'direction': 40, 'speed': 3}, {'layer': '650mb', 'direction': 35, 'speed': 3}, {'layer': '600mb', 'direction': 25, 'speed': 3}, {'layer': '550mb', 'direction': 5, 'speed': 3}, {'layer': '500mb', 'direction': 15, 'speed': 2}, {'layer': '450mb', 'direction': 25, 'speed': 3}, {'layer': '400mb', 'direction': 250, 'speed': 3}, {'layer': '350mb', 'direction': 255, 'speed': 5}, {'layer': '300mb', 'direction': 290, 'speed': 5}, {'layer': '250mb', 'direction': 315, 'speed': 6}, {'layer': '200mb', 'direction': 295, 'speed': 6}]",26,-1,11,1012,rain,3,0,110,4,-5.6816069,144.2489081,Papua New Guinea
39,120,1,-9999,-9999,-9999,"[{'layer': '950mb', 'rh': 14}, {'layer': '900mb', 'rh': 13}, {'layer': '850mb', 'rh': 12}, {'layer': '800mb', 'rh': 12}, {'layer': '750mb', 'rh': 1}, {'layer': '700mb', 'rh': 0}, {'layer': '650mb', 'rh': -3}, {'layer': '600mb', 'rh': -4}, {'layer': '550mb', 'rh': -3}, {'layer': '500mb', 'rh': -3}, {'layer': '450mb', 'rh': -2}, {'layer': '400mb', 'rh': -1}, {'layer': '350mb', 'rh': -1}, {'layer': '300mb', 'rh': 3}, {'layer': '250mb', 'rh': -2}, {'layer': '200mb', 'rh': -2}]","[{'layer': '950mb', 'direction': 105, 'speed': 4}, {'layer': '900mb', 'direction': 105, 'speed': 5}, {'layer': '850mb', 'direction': 110, 'speed': 4}, {'layer': '800mb', 'direction': 115, 'speed': 3}, {'layer': '750mb', 'direction': 65, 'speed': 2}, {'layer': '700mb', 'direction': 35, 'speed': 3}, {'layer': '650mb', 'direction': 30, 'speed': 3}, {'layer': '600mb', 'direction': 25, 'speed': 3}, {'layer': '550mb', 'direction': 5, 'speed': 3}, {'layer': '500mb', 'direction': 350, 'speed': 2}, {'layer': '450mb', 'direction': 30, 'speed': 4}, {'layer': '400mb', 'direction': 280, 'speed': 3}, {'layer': '350mb', 'direction': 260, 'speed': 5}, {'layer': '300mb', 'direction': 290, 'speed': 6}, {'layer': '250mb', 'direction': 330, 'speed': 6}, {'layer': '200mb', 'direction': 290, 'speed': 6}]",26,-1,11,1010,rain,3,0,115,4,-5.6816069,144.2489081,Papua New Guinea
40,123,3,-9999,-9999,-9999,"[{'layer': '950mb', 'rh': 14}, {'layer': '900mb', 'rh': 12}, {'layer': '850mb', 'rh': 11}, {'layer': '800mb', 'rh': 11}, {'layer': '750mb', 'rh': 2}, {'layer': '700mb', 'rh': 1}, {'layer': '650mb', 'rh': -2}, {'layer': '600mb', 'rh': -4}, {'layer': '550mb', 'rh': -3}, {'layer': '500mb', 'rh': -3}, {'layer': '450mb', 'rh': -2}, {'layer': '400mb', 'rh': -1}, {'layer': '350mb', 'rh': -1}, {'layer': '300mb', 'rh': -1}, {'layer': '250mb', 'rh': -2}, {'layer': '200mb', 'rh': -2}]","[{'layer': '950mb', 'direction': 110, 'speed': 4}, {'layer': '900mb', 'direction': 105, 'speed': 4}, {'layer': '850mb', 'direction': 110, 'speed': 4}, {'layer': '800mb', 'direction': 115, 'speed': 3}, {'layer': '750mb', 'direction': 70, 'speed': 3}, {'layer': '700mb', 'direction': 45, 'speed': 3}, {'layer': '650mb', 'direction': 35, 'speed': 3}, {'layer': '600mb', 'direction': 20, 'speed': 3}, {'layer': '550mb', 'direction': 5, 'speed': 2}, {'layer': '500mb', 'direction': 305, 'speed': 2}, {'layer': '450mb', 'direction': 30, 'speed': 4}, {'layer': '400mb', 'direction': 300, 'speed': 3}, {'layer': '350mb', 'direction': 260, 'speed': 5}, {'layer': '300mb', 'direction': 295, 'speed': 6}, {'layer': '250mb', 'direction': 355, 'speed': 5}, {'layer': '200mb', 'direction': 290, 'speed': 5}]",26,-1,11,1010,rain,3,0,110,4,-5.6816069,144.2489081,Papua New Guinea
41,126,2,-9999,-9999,-9999,"[{'layer': '950mb', 'rh': 13}, {'layer': '900mb', 'rh': 9}, {'layer': '850mb', 'rh': 9}, {'layer': '800mb', 'rh': 7}, {'layer': '750mb', 'rh': 2}, {'layer': '700mb', 'rh': 3}, {'layer': '650mb', 'rh': 0}, {'layer': '600mb', 'rh': -3}, {'layer': '550mb', 'rh': -3}, {'layer': '500mb', 'rh': -3}, {'layer': '450mb', 'rh': -2}, {'layer': '400mb', 'rh': -1}, {'layer': '350mb', 'rh': -1}, {'layer': '300mb', 'rh': -2}, {'layer': '250mb', 'rh': -2}, {'layer': '200mb', 'rh': -2}]","[{'layer': '950mb', 'direction': 110, 'speed': 5}, {'layer': '900mb', 'direction': 105, 'speed': 5}, {'layer': '850mb', 'direction': 110, 'speed': 4}, {'layer': '800mb', 'direction': 110, 'speed': 3}, {'layer': '750mb', 'direction': 80, 'speed': 3}, {'layer': '700mb', 'direction': 40, 'speed': 3}, {'layer': '650mb', 'direction': 30, 'speed': 3}, {'layer': '600mb', 'direction': 25, 'speed': 3}, {'layer': '550mb', 'direction': 15, 'speed': 2}, {'layer': '500mb', 'direction': 25, 'speed': 2}, {'layer': '450mb', 'direction': 30, 'speed': 4}, {'layer': '400mb', 'direction': 240, 'speed': 2}, {'layer': '350mb', 'direction': 270, 'speed': 5}, {'layer': '300mb', 'direction': 305, 'speed': 6}, {'layer': '250mb', 'direction': 325, 'speed': 6}, {'layer': '200mb', 'direction': 290, 'speed': 5}]",26,2,11,1012,rain,3,0,110,4,-5.6816069,144.2489081,Papua New Guinea
42,129,1,-9999,-9999,-9999,"[{'layer': '950mb', 'rh': 13}, {'layer': '900mb', 'rh': 5}, {'layer': '850mb', 'rh': 5}, {'layer': '800mb', 'rh': 4}, {'layer': '750mb', 'rh': 3}, {'layer': '700mb', 'rh': 4}, {'layer': '650mb', 'rh': 3}, {'layer': '600mb', 'rh': -1}, {'layer': '550mb', 'rh': -3}, {'layer': '500mb', 'rh': -3}, {'layer': '450mb', 'rh': -2}, {'layer': '400mb', 'rh': -2}, {'layer': '350mb', 'rh': -1}, {'layer': '300mb', 'rh': -1}, {'layer': '250mb', 'rh': -2}, {'layer': '200mb', 'rh': -2}]","[{'layer': '950mb', 'direction': 110, 'speed': 4}, {'layer': '900mb', 'direction': 110, 'speed': 5}, {'layer': '850mb', 'direction': 110, 'speed': 4}, {'layer': '800mb', 'direction': 110, 'speed': 3}, {'layer': '750mb', 'direction': 95, 'speed': 3}, {'layer': '700mb', 'direction': 45, 'speed': 3}, {'layer': '650mb', 'direction': 20, 'speed': 3}, {'layer': '600mb', 'direction': 25, 'speed': 3}, {'layer': '550mb', 'direction': 45, 'speed': 2}, {'layer': '500mb', 'direction': 50, 'speed': 2}, {'layer': '450mb', 'direction': 35, 'speed': 4}, {'layer': '400mb', 'direction': 250, 'speed': 3}, {'layer': '350mb', 'direction': 275, 'speed': 5}, {'layer': '300mb', 'direction': 305, 'speed': 6}, {'layer': '250mb', 'direction': 325, 'speed': 6}, {'layer': '200mb', 'direction': 280, 'speed': 5}]",26,2,11,1012,none,3,0,105,4,-5.6816069,144.2489081,Papua New Guinea
43,132,1,-9999,-9999,-9999,"[{'layer': '950mb', 'rh': 14}, {'layer': '900mb', 'rh': 13}, {'layer': '850mb', 'rh': 3}, {'layer': '800mb', 'rh': 1}, {'layer': '750mb', 'rh': 2}, {'layer': '700mb', 'rh': 5}, {'layer': '650mb', 'rh': 4}, {'layer': '600mb', 'rh': -1}, {'layer': '550mb', 'rh': -3}, {'layer': '500mb', 'rh': -3}, {'layer': '450mb', 'rh': -2}, {'layer': '400mb', 'rh': -1}, {'layer': '350mb', 'rh': -1}, {'layer': '300mb', 'rh': -2}, {'layer': '250mb', 'rh': -2}, {'layer': '200mb', 'rh': -2}]","[{'layer': '950mb', 'direction': 105, 'speed': 4}, {'layer': '900mb', 'direction': 105, 'speed': 5}, {'layer': '850mb', 'direction': 110, 'speed': 4}, {'layer': '800mb', 'direction': 110, 'speed': 3}, {'layer': '750mb', 'direction': 100, 'speed': 3}, {'layer': '700mb', 'direction': 45, 'speed': 2}, {'layer': '650mb', 'direction': 20, 'speed': 3}, {'layer': '600mb', 'direction': 35, 'speed': 2}, {'layer': '550mb', 'direction': 85, 'speed': 2}, {'layer': '500mb', 'direction': 75, 'speed': 2}, {'layer': '450mb', 'direction': 35, 'speed': 3}, {'layer': '400mb', 'direction': 290, 'speed': 3}, {'layer': '350mb', 'direction': 285, 'speed': 5}, {'layer': '300mb', 'direction': 320, 'speed': 6}, {'layer': '250mb', 'direction': 315, 'speed': 5}, {'layer': '200mb', 'direction': 285, 'speed': 5}]",26,2,11,1010,none,3,0,105,4,-5.6816069,144.2489081,Papua New Guinea
44,135,2,-9999,-9999,-9999,"[{'layer': '950mb', 'rh': 14}, {'layer': '900mb', 'rh': 12}, {'layer': '850mb', 'rh': 9}, {'layer': '800mb', 'rh': 0}, {'layer': '750mb', 'rh': 3}, {'layer': '700mb', 'rh': 4}, {'layer': '650mb', 'rh': 4}, {'layer': '600mb', 'rh': 0}, {'layer': '550mb', 'rh': -3}, {'layer': '500mb', 'rh': -3}, {'layer': '450mb', 'rh': -2}, {'layer': '400mb', 'rh': -1}, {'layer': '350mb', 'rh': -1}, {'layer': '300mb', 'rh': -2}, {'layer': '250mb', 'rh': -3}, {'layer': '200mb', 'rh': -2}]","[{'layer': '950mb', 'direction': 105, 'speed': 4}, {'layer': '900mb', 'direction': 105, 'speed': 5}, {'layer': '850mb', 'direction': 105, 'speed': 4}, {'layer': '800mb', 'direction': 105, 'speed': 3}, {'layer': '750mb', 'direction': 95, 'speed': 3}, {'layer': '700mb', 'direction': 65, 'speed': 2}, {'layer': '650mb', 'direction': 35, 'speed': 3}, {'layer': '600mb', 'direction': 45, 'speed': 2}, {'layer': '550mb', 'direction': 100, 'speed': 2}, {'layer': '500mb', 'direction': 85, 'speed': 2}, {'layer': '450mb', 'direction': 40, 'speed': 4}, {'layer': '400mb', 'direction': 285, 'speed': 3}, {'layer': '350mb', 'direction': 280, 'speed': 5}, {'layer': '300mb', 'direction': 335, 'speed': 5}, {'layer': '250mb', 'direction': 335, 'speed': 5}, {'layer': '200mb', 'direction': 290, 'speed': 5}]",26,-1,11,1011,none,3,0,110,4,-5.6816069,144.2489081,Papua New Guinea
45,138,1,-9999,-9999,-9999,"[{'layer': '950mb', 'rh': 14}, {'layer': '900mb', 'rh': 13}, {'layer': '850mb', 'rh': 12}, {'layer': '800mb', 'rh': 7}, {'layer': '750mb', 'rh': 2}, {'layer': '700mb', 'rh': 4}, {'layer': '650mb', 'rh': 4}, {'layer': '600mb', 'rh': -1}, {'layer': '550mb', 'rh': -3}, {'layer': '500mb', 'rh': -3}, {'layer': '450mb', 'rh': -2}, {'layer': '400mb', 'rh': -2}, {'layer': '350mb', 'rh': -1}, {'layer': '300mb', 'rh': -3}, {'layer': '250mb', 'rh': -3}, {'layer': '200mb', 'rh': -2}]","[{'layer': '950mb', 'direction': 105, 'speed': 4}, {'layer': '900mb', 'direction': 105, 'speed': 5}, {'layer': '850mb', 'direction': 105, 'speed': 4}, {'layer': '800mb', 'direction': 105, 'speed': 3}, {'layer': '750mb', 'direction': 90, 'speed': 3}, {'layer': '700mb', 'direction': 70, 'speed': 2}, {'layer': '650mb', 'direction': 45, 'speed': 2}, {'layer': '600mb', 'direction': 80, 'speed': 2}, {'layer': '550mb', 'direction': 100, 'speed': 3}, {'layer': '500mb', 'direction': 90, 'speed': 3}, {'layer': '450mb', 'direction': 40, 'speed': 4}, {'layer': '400mb', 'direction': 225, 'speed': 3}, {'layer': '350mb', 'direction': 285, 'speed': 5}, {'layer': '300mb', 'direction': 340, 'speed': 5}, {'layer': '250mb', 'direction': 305, 'speed': 5}, {'layer': '200mb', 'direction': 280, 'speed': 5}]",26,-1,11,1013,rain,3,0,110,4,-5.6816069,144.2489081,Papua New Guinea
46,141,1,-9999,-9999,-9999,"[{'layer': '950mb', 'rh': 13}, {'layer': '900mb', 'rh': 9}, {'layer': '850mb', 'rh': 10}, {'layer': '800mb', 'rh': 9}, {'layer': '750mb', 'rh': 2}, {'layer': '700mb', 'rh': 3}, {'layer': '650mb', 'rh': 3}, {'layer': '600mb', 'rh': -2}, {'layer': '550mb', 'rh': -4}, {'layer': '500mb', 'rh': -4}, {'layer': '450mb', 'rh': -3}, {'layer': '400mb', 'rh': -3}, {'layer': '350mb', 'rh': 0}, {'layer': '300mb', 'rh': -2}, {'layer': '250mb', 'rh': -3}, {'layer': '200mb', 'rh': -2}]","[{'layer': '950mb', 'direction': 105, 'speed': 5}, {'layer': '900mb', 'direction': 105, 'speed': 5}, {'layer': '850mb', 'direction': 105, 'speed': 4}, {'layer': '800mb', 'direction': 105, 'speed': 3}, {'layer': '750mb', 'direction': 105, 'speed': 3}, {'layer': '700mb', 'direction': 85, 'speed': 2}, {'layer': '650mb', 'direction': 65, 'speed': 2}, {'layer': '600mb', 'direction': 100, 'speed': 3}, {'layer': '550mb', 'direction': 105, 'speed': 3}, {'layer': '500mb', 'direction': 100, 'speed': 3}, {'layer': '450mb', 'direction': 45, 'speed': 4}, {'layer': '400mb', 'direction': 205, 'speed': 3}, {'layer': '350mb', 'direction': 290, 'speed': 5}, {'layer': '300mb', 'direction': 5, 'speed': 5}, {'layer': '250mb', 'direction': 295, 'speed': 5}, {'layer': '200mb', 'direction': 280, 'speed': 5}]",26,-1,11,1012,rain,3,0,105,4,-5.6816069,144.2489081,Papua New Guinea
47,144,1,-9999,-9999,-9999,"[{'layer': '950mb', 'rh': 13}, {'layer': '900mb', 'rh': 7}, {'layer': '850mb', 'rh': 8}, {'layer': '800mb', 'rh': 6}, {'layer': '750mb', 'rh': 2}, {'layer': '700mb', 'rh': 3}, {'layer': '650mb', 'rh': 2}, {'layer': '600mb', 'rh': -3}, {'layer': '550mb', 'rh': -4}, {'layer': '500mb', 'rh': -3}, {'layer': '450mb', 'rh': -3}, {'layer': '400mb', 'rh': -3}, {'layer': '350mb', 'rh': -1}, {'layer': '300mb', 'rh': -2}, {'layer': '250mb', 'rh': -3}, {'layer': '200mb', 'rh': -1}]","[{'layer': '950mb', 'direction': 105, 'speed': 4}, {'layer': '900mb', 'direction': 105, 'speed': 5}, {'layer': '850mb', 'direction': 105, 'speed': 4}, {'layer': '800mb', 'direction': 105, 'speed': 3}, {'layer': '750mb', 'direction': 125, 'speed': 3}, {'layer': '700mb', 'direction': 125, 'speed': 2}, {'layer': '650mb', 'direction': 120, 'speed': 2}, {'layer': '600mb', 'direction': 110, 'speed': 3}, {'layer': '550mb', 'direction': 95, 'speed': 3}, {'layer': '500mb', 'direction': 80, 'speed': 3}, {'layer': '450mb', 'direction': 35, 'speed': 3}, {'layer': '400mb', 'direction': 210, 'speed': 3}, {'layer': '350mb', 'direction': 295, 'speed': 5}, {'layer': '300mb', 'direction': 15, 'speed': 5}, {'layer': '250mb', 'direction': 290, 'speed': 6}, {'layer': '200mb', 'direction': 280, 'speed': 5}]",26,2,11,1010,rain,3,0,105,4,-5.6816069,144.2489081,Papua New Guinea
48,147,1,-9999,-9999,-9999,"[{'layer': '950mb', 'rh': 14}, {'layer': '900mb', 'rh': 8}, {'layer': '850mb', 'rh': 7}, {'layer': '800mb', 'rh': 3}, {'layer': '750mb', 'rh': 1}, {'layer': '700mb', 'rh': 3}, {'layer': '650mb', 'rh': 2}, {'layer': '600mb', 'rh': -3}, {'layer': '550mb', 'rh': -4}, {'layer': '500mb', 'rh': -3}, {'layer': '450mb', 'rh': -3}, {'layer': '400mb', 'rh': -2}, {'layer': '350mb', 'rh': -1}, {'layer': '300mb', 'rh': -2}, {'layer': '250mb', 'rh': -3}, {'layer': '200mb', 'rh': -2}]","[{'layer': '950mb', 'direction': 100, 'speed': 4}, {'layer': '900mb', 'direction': 100, 'speed': 5}, {'layer': '850mb', 'direction': 105, 'speed': 5}, {'layer': '800mb', 'direction': 115, 'speed': 4}, {'layer': '750mb', 'direction': 130, 'speed': 3}, {'layer': '700mb', 'direction': 135, 'speed': 2}, {'layer': '650mb', 'direction': 135, 'speed': 2}, {'layer': '600mb', 'direction': 115, 'speed': 3}, {'layer': '550mb', 'direction': 95, 'speed': 3}, {'layer': '500mb', 'direction': 75, 'speed': 3}, {'layer': '450mb', 'direction': 85, 'speed': 2}, {'layer': '400mb', 'direction': 225, 'speed': 3}, {'layer': '350mb', 'direction': 305, 'speed': 5}, {'layer': '300mb', 'direction': 30, 'speed': 5}, {'layer': '250mb', 'direction': 290, 'speed': 6}, {'layer': '200mb', 'direction': 280, 'speed': 5}]",26,-1,12,1010,none,3,0,100,4,-5.6816069,144.2489081,Papua New Guinea
49,150,1,-9999,-9999,-9999,"[{'layer': '950mb', 'rh': 14}, {'layer': '900mb', 'rh': 13}, {'layer': '850mb', 'rh': 10}, {'layer': '800mb', 'rh': 5}, {'layer': '750mb', 'rh': 1}, {'layer': '700mb', 'rh': 3}, {'layer': '650mb', 'rh': 1}, {'layer': '600mb', 'rh': -4}, {'layer': '550mb', 'rh': -4}, {'layer': '500mb', 'rh': -3}, {'layer': '450mb', 'rh': -3}, {'layer': '400mb', 'rh': -3}, {'layer': '350mb', 'rh': -1}, {'layer': '300mb', 'rh': -2}, {'layer': '250mb', 'rh': -3}, {'layer': '200mb', 'rh': -2}]","[{'layer': '950mb', 'direction': 100, 'speed': 5}, {'layer': '900mb', 'direction': 100, 'speed': 5}, {'layer': '850mb', 'direction': 105, 'speed': 5}, {'layer': '800mb', 'direction': 115, 'speed': 4}, {'layer': '750mb', 'direction': 130, 'speed': 3}, {'layer': '700mb', 'direction': 140, 'speed': 2}, {'layer': '650mb', 'direction': 140, 'speed': 2}, {'layer': '600mb', 'direction': 120, 'speed': 3}, {'layer': '550mb', 'direction': 105, 'speed': 3}, {'layer': '500mb', 'direction': 75, 'speed': 3}, {'layer': '450mb', 'direction': 110, 'speed': 2}, {'layer': '400mb', 'direction': 220, 'speed': 2}, {'layer': '350mb', 'direction': 310, 'speed': 5}, {'layer': '300mb', 'direction': 30, 'speed': 5}, {'layer': '250mb', 'direction': 285, 'speed': 6}, {'layer': '200mb', 'direction': 280, 'speed': 4}]",26,2,12,1012,none,3,0,100,4,-5.6816069,144.2489081,Papua New Guinea
50,153,1,-9999,-9999,-9999,"[{'layer': '950mb', 'rh': 14}, {'layer': '900mb', 'rh': 13}, {'layer': '850mb', 'rh': 12}, {'layer': '800mb', 'rh': 8}, {'layer': '750mb', 'rh': 1}, {'layer': '700mb', 'rh': 2}, {'layer': '650mb', 'rh': -1}, {'layer': '600mb', 'rh': -4}, {'layer': '550mb', 'rh': -4}, {'layer': '500mb', 'rh': -3}, {'layer': '450mb', 'rh': -3}, {'layer': '400mb', 'rh': -2}, {'layer': '350mb', 'rh': -2}, {'layer': '300mb', 'rh': -2}, {'layer': '250mb', 'rh': -3}, {'layer': '200mb', 'rh': -2}]","[{'layer': '950mb', 'direction': 95, 'speed': 5}, {'layer': '900mb', 'direction': 100, 'speed': 5}, {'layer': '850mb', 'direction': 105, 'speed': 5}, {'layer': '800mb', 'direction': 115, 'speed': 4}, {'layer': '750mb', 'direction': 125, 'speed': 3}, {'layer': '700mb', 'direction': 135, 'speed': 3}, {'layer': '650mb', 'direction': 135, 'speed': 3}, {'layer': '600mb', 'direction': 125, 'speed': 3}, {'layer': '550mb', 'direction': 105, 'speed': 3}, {'layer': '500mb', 'direction': 65, 'speed': 3}, {'layer': '450mb', 'direction': 140, 'speed': 2}, {'layer': '400mb', 'direction': 235, 'speed': 2}, {'layer': '350mb', 'direction': 325, 'speed': 5}, {'layer': '300mb', 'direction': 40, 'speed': 5}, {'layer': '250mb', 'direction': 285, 'speed': 6}, {'layer': '200mb', 'direction': 275, 'speed': 5}]",26,2,11,1012,rain,3,0,95,4,-5.6816069,144.2489081,Papua New Guinea
51,156,2,-9999,-9999,-9999,"[{'layer': '950mb', 'rh': 14}, {'layer': '900mb', 'rh': 13}, {'layer': '850mb', 'rh': 11}, {'layer': '800mb', 'rh': 11}, {'layer': '750mb', 'rh': 0}, {'layer': '700mb', 'rh': 1}, {'layer': '650mb', 'rh': -3}, {'layer': '600mb', 'rh': -4}, {'layer': '550mb', 'rh': -4}, {'layer': '500mb', 'rh': -4}, {'layer': '450mb', 'rh': -3}, {'layer': '400mb', 'rh': -2}, {'layer': '350mb', 'rh': -2}, {'layer': '300mb', 'rh': -3}, {'layer': '250mb', 'rh': -3}, {'layer': '200mb', 'rh': -2}]","[{'layer': '950mb', 'direction': 100, 'speed': 4}, {'layer': '900mb', 'direction': 95, 'speed': 5}, {'layer': '850mb', 'direction': 105, 'speed': 5}, {'layer': '800mb', 'direction': 115, 'speed': 4}, {'layer': '750mb', 'direction': 130, 'speed': 3}, {'layer': '700mb', 'direction': 140, 'speed': 3}, {'layer': '650mb', 'direction': 135, 'speed': 3}, {'layer': '600mb', 'direction': 115, 'speed': 3}, {'layer': '550mb', 'direction': 100, 'speed': 3}, {'layer': '500mb', 'direction': 85, 'speed': 3}, {'layer': '450mb', 'direction': 115, 'speed': 2}, {'layer': '400mb', 'direction': 240, 'speed': 3}, {'layer': '350mb', 'direction': 325, 'speed': 5}, {'layer': '300mb', 'direction': 295, 'speed': 5}, {'layer': '250mb', 'direction': 285, 'speed': 6}, {'layer': '200mb', 'direction': 275, 'speed': 5}]",26,2,11,1010,rain,3,0,100,4,-5.6816069,144.2489081,Papua New Guinea
52,159,1,-9999,-9999,-9999,"[{'layer': '950mb', 'rh': 13}, {'layer': '900mb', 'rh': 8}, {'layer': '850mb', 'rh': 7}, {'layer': '800mb', 'rh': 6}, {'layer': '750mb', 'rh': -1}, {'layer': '700mb', 'rh': -1}, {'layer': '650mb', 'rh': -3}, {'layer': '600mb', 'rh': -4}, {'layer': '550mb', 'rh': -4}, {'layer': '500mb', 'rh': -4}, {'layer': '450mb', 'rh': -3}, {'layer': '400mb', 'rh': -2}, {'layer': '350mb', 'rh': -2}, {'layer': '300mb', 'rh': -3}, {'layer': '250mb', 'rh': -3}, {'layer': '200mb', 'rh': -2}]","[{'layer': '950mb', 'direction': 105, 'speed': 4}, {'layer': '900mb', 'direction': 100, 'speed': 5}, {'layer': '850mb', 'direction': 105, 'speed': 5}, {'layer': '800mb', 'direction': 115, 'speed': 4}, {'layer': '750mb', 'direction': 125, 'speed': 3}, {'layer': '700mb', 'direction': 140, 'speed': 3}, {'layer': '650mb', 'direction': 135, 'speed': 3}, {'layer': '600mb', 'direction': 115, 'speed': 3}, {'layer': '550mb', 'direction': 105, 'speed': 3}, {'layer': '500mb', 'direction': 85, 'speed': 3}, {'layer': '450mb', 'direction': 135, 'speed': 2}, {'layer': '400mb', 'direction': 260, 'speed': 3}, {'layer': '350mb', 'direction': 345, 'speed': 4}, {'layer': '300mb', 'direction': 305, 'speed': 4}, {'layer': '250mb', 'direction': 285, 'speed': 6}, {'layer': '200mb', 'direction': 280, 'speed': 5}]",26,2,10,1011,none,3,0,105,4,-5.6816069,144.2489081,Papua New Guinea
53,162,1,-9999,-9999,-9999,"[{'layer': '950mb', 'rh': 13}, {'layer': '900mb', 'rh': 15}, {'layer': '850mb', 'rh': 6}, {'layer': '800mb', 'rh': 2}, {'layer': '750mb', 'rh': -1}, {'layer': '700mb', 'rh': -2}, {'layer': '650mb', 'rh': -3}, {'layer': '600mb', 'rh': -4}, {'layer': '550mb', 'rh': -4}, {'layer': '500mb', 'rh': -4}, {'layer': '450mb', 'rh': -3}, {'layer': '400mb', 'rh': -2}, {'layer': '350mb', 'rh': -3}, {'layer': '300mb', 'rh': -3}, {'layer': '250mb', 'rh': -2}, {'layer': '200mb', 'rh': -1}]","[{'layer': '950mb', 'direction': 100, 'speed': 4}, {'layer': '900mb', 'direction': 100, 'speed': 5}, {'layer': '850mb', 'direction': 110, 'speed': 5}, {'layer': '800mb', 'direction': 115, 'speed': 4}, {'layer': '750mb', 'direction': 120, 'speed': 3}, {'layer': '700mb', 'direction': 135, 'speed': 3}, {'layer': '650mb', 'direction': 130, 'speed': 3}, {'layer': '600mb', 'direction': 115, 'speed': 3}, {'layer': '550mb', 'direction': 100, 'speed': 4}, {'layer': '500mb', 'direction': 75, 'speed': 4}, {'layer': '450mb', 'direction': 125, 'speed': 2}, {'layer': '400mb', 'direction': 270, 'speed': 2}, {'layer': '350mb', 'direction': 0, 'speed': 3}, {'layer': '300mb', 'direction': 290, 'speed': 5}, {'layer': '250mb', 'direction': 280, 'speed': 6}, {'layer': '200mb', 'direction': 280, 'speed': 5}]",26,2,11,1013,none,3,0,100,4,-5.6816069,144.2489081,Papua New Guinea
54,165,7,-9999,-9999,-9999,"[{'layer': '950mb', 'rh': 13}, {'layer': '900mb', 'rh': 15}, {'layer': '850mb', 'rh': 7}, {'layer': '800mb', 'rh': 2}, {'layer': '750mb', 'rh': -2}, {'layer': '700mb', 'rh': -3}, {'layer': '650mb', 'rh': -4}, {'layer': '600mb', 'rh': -4}, {'layer': '550mb', 'rh': -4}, {'layer': '500mb', 'rh': -4}, {'layer': '450mb', 'rh': -3}, {'layer': '400mb', 'rh': -2}, {'layer': '350mb', 'rh': -3}, {'layer': '300mb', 'rh': -3}, {'layer': '250mb', 'rh': -2}, {'layer': '200mb', 'rh': -1}]","[{'layer': '950mb', 'direction': 100, 'speed': 4}, {'layer': '900mb', 'direction': 100, 'speed': 5}, {'layer': '850mb', 'direction': 110, 'speed': 5}, {'layer': '800mb', 'direction': 110, 'speed': 5}, {'layer': '750mb', 'direction': 110, 'speed': 3}, {'layer': '700mb', 'direction': 130, 'speed': 3}, {'layer': '650mb', 'direction': 125, 'speed': 3}, {'layer': '600mb', 'direction': 110, 'speed': 4}, {'layer': '550mb', 'direction': 100, 'speed': 4}, {'layer': '500mb', 'direction': 75, 'speed': 4}, {'layer': '450mb', 'direction': 150, 'speed': 2}, {'layer': '400mb', 'direction': 275, 'speed': 2}, {'layer': '350mb', 'direction': 20, 'speed': 3}, {'layer': '300mb', 'direction': 290, 'speed': 5}, {'layer': '250mb', 'direction': 285, 'speed': 6}, {'layer': '200mb', 'direction': 285, 'speed': 5}]",26,2,11,1012,none,3,0,95,4,-5.6816069,144.2489081,Papua New Guinea
55,168,8,-9999,-9999,-9999,"[{'layer': '950mb', 'rh': 13}, {'layer': '900mb', 'rh': 9}, {'layer': '850mb', 'rh': 9}, {'layer': '800mb', 'rh': 7}, {'layer': '750mb', 'rh': -2}, {'layer': '700mb', 'rh': -3}, {'layer': '650mb', 'rh': -4}, {'layer': '600mb', 'rh': -4}, {'layer': '550mb', 'rh': -4}, {'layer': '500mb', 'rh': -4}, {'layer': '450mb', 'rh': -3}, {'layer': '400mb', 'rh': -2}, {'layer': '350mb', 'rh': -3}, {'layer': '300mb', 'rh': -3}, {'layer': '250mb', 'rh': -1}, {'layer': '200mb', 'rh': -1}]","[{'layer': '950mb', 'direction': 95, 'speed': 4}, {'layer': '900mb', 'direction': 105, 'speed': 5}, {'layer': '850mb', 'direction': 105, 'speed': 5}, {'layer': '800mb', 'direction': 110, 'speed': 5}, {'layer': '750mb', 'direction': 110, 'speed': 3}, {'layer': '700mb', 'direction': 130, 'speed': 3}, {'layer': '650mb', 'direction': 120, 'speed': 3}, {'layer': '600mb', 'direction': 110, 'speed': 4}, {'layer': '550mb', 'direction': 95, 'speed': 4}, {'layer': '500mb', 'direction': 75, 'speed': 4}, {'layer': '450mb', 'direction': 165, 'speed': 3}, {'layer': '400mb', 'direction': 265, 'speed': 2}, {'layer': '350mb', 'direction': 35, 'speed': 2}, {'layer': '300mb', 'direction': 285, 'speed': 5}, {'layer': '250mb', 'direction': 285, 'speed': 6}, {'layer': '200mb', 'direction': 280, 'speed': 5}]",26,2,10,1010,none,3,0,90,3,-5.6816069,144.2489081,Papua New Guinea
56,171,3,-9999,-9999,-9999,"[{'layer': '950mb', 'rh': 12}, {'layer': '900mb', 'rh': 8}, {'layer': '850mb', 'rh': 9}, {'layer': '800mb', 'rh': 8}, {'layer': '750mb', 'rh': -1}, {'layer': '700mb', 'rh': -3}, {'layer': '650mb', 'rh': -4}, {'layer': '600mb', 'rh': -4}, {'layer': '550mb', 'rh': -4}, {'layer': '500mb', 'rh': -4}, {'layer': '450mb', 'rh': -3}, {'layer': '400mb', 'rh': -2}, {'layer': '350mb', 'rh': -3}, {'layer': '300mb', 'rh': -3}, {'layer': '250mb', 'rh': -2}, {'layer': '200mb', 'rh': -2}]","[{'layer': '950mb', 'direction': 85, 'speed': 4}, {'layer': '900mb', 'direction': 90, 'speed': 5}, {'layer': '850mb', 'direction': 100, 'speed': 5}, {'layer': '800mb', 'direction': 110, 'speed': 5}, {'layer': '750mb', 'direction': 120, 'speed': 4}, {'layer': '700mb', 'direction': 120, 'speed': 3}, {'layer': '650mb', 'direction': 105, 'speed': 3}, {'layer': '600mb', 'direction': 95, 'speed': 3}, {'layer': '550mb', 'direction': 95, 'speed': 4}, {'layer': '500mb', 'direction': 80, 'speed': 3}, {'layer': '450mb', 'direction': 170, 'speed': 3}, {'layer': '400mb', 'direction': 295, 'speed': 3}, {'layer': '350mb', 'direction': 55, 'speed': 3}, {'layer': '300mb', 'direction': 285, 'speed': 5}, {'layer': '250mb', 'direction': 280, 'speed': 6}, {'layer': '200mb', 'direction': 265, 'speed': 5}]",26,2,10,1010,none,3,0,90,4,-5.6816069,144.2489081,Papua New Guinea
57,174,2,-9999,-9999,-9999,"[{'layer': '950mb', 'rh': 13}, {'layer': '900mb', 'rh': 12}, {'layer': '850mb', 'rh': 10}, {'layer': '800mb', 'rh': 9}, {'layer': '750mb', 'rh': 0}, {'layer': '700mb', 'rh': -3}, {'layer': '650mb', 'rh': -4}, {'layer': '600mb', 'rh': -4}, {'layer': '550mb', 'rh': -4}, {'layer': '500mb', 'rh': -4}, {'layer': '450mb', 'rh': -3}, {'layer': '400mb', 'rh': -2}, {'layer': '350mb', 'rh': -3}, {'layer': '300mb', 'rh': -3}, {'layer': '250mb', 'rh': -1}, {'layer': '200mb', 'rh': -1}]","[{'layer': '950mb', 'direction': 85, 'speed': 4}, {'layer': '900mb', 'direction': 90, 'speed': 5}, {'layer': '850mb', 'direction': 95, 'speed': 5}, {'layer': '800mb', 'direction': 110, 'speed': 5}, {'layer': '750mb', 'direction': 120, 'speed': 4}, {'layer': '700mb', 'direction': 115, 'speed': 3}, {'layer': '650mb', 'direction': 95, 'speed': 3}, {'layer': '600mb', 'direction': 90, 'speed': 3}, {'layer': '550mb', 'direction': 85, 'speed': 4}, {'layer': '500mb', 'direction': 75, 'speed': 3}, {'layer': '450mb', 'direction': 205, 'speed': 3}, {'layer': '400mb', 'direction': 280, 'speed': 3}, {'layer': '350mb', 'direction': 85, 'speed': 4}, {'layer': '300mb', 'direction': 280, 'speed': 5}, {'layer': '250mb', 'direction': 280, 'speed': 6}, {'layer': '200mb', 'direction': 265, 'speed': 5}]",26,2,11,1012,none,3,0,85,4,-5.6816069,144.2489081,Papua New Guinea
58,177,1,-9999,-9999,-9999,"[{'layer': '950mb', 'rh': 14}, {'layer': '900mb', 'rh': 13}, {'layer': '850mb', 'rh': 13}, {'layer': '800mb', 'rh': 9}, {'layer': '750mb', 'rh': 3}, {'layer': '700mb', 'rh': -3}, {'layer': '650mb', 'rh': -4}, {'layer': '600mb', 'rh': -4}, {'layer': '550mb', 'rh': -4}, {'layer': '500mb', 'rh': -4}, {'layer': '450mb', 'rh': -3}, {'layer': '400mb', 'rh': -2}, {'layer': '350mb', 'rh': -3}, {'layer': '300mb', 'rh': -3}, {'layer': '250mb', 'rh': -1}, {'layer': '200mb', 'rh': -2}]","[{'layer': '950mb', 'direction': 80, 'speed': 4}, {'layer': '900mb', 'direction': 90, 'speed': 5}, {'layer': '850mb', 'direction': 100, 'speed': 5}, {'layer': '800mb', 'direction': 110, 'speed': 5}, {'layer': '750mb', 'direction': 120, 'speed': 4}, {'layer': '700mb', 'direction': 100, 'speed': 3}, {'layer': '650mb', 'direction': 85, 'speed': 3}, {'layer': '600mb', 'direction': 85, 'speed': 3}, {'layer': '550mb', 'direction': 75, 'speed': 4}, {'layer': '500mb', 'direction': 140, 'speed': 3}, {'layer': '450mb', 'direction': 185, 'speed': 2}, {'layer': '400mb', 'direction': 295, 'speed': 3}, {'layer': '350mb', 'direction': 70, 'speed': 4}, {'layer': '300mb', 'direction': 280, 'speed': 5}, {'layer': '250mb', 'direction': 275, 'speed': 6}, {'layer': '200mb', 'direction': 260, 'speed': 5}]",26,2,11,1011,rain,3,0,80,4,-5.6816069,144.2489081,Papua New Guinea
59,180,1,-9999,-9999,-9999,"[{'layer': '950mb', 'rh': 15}, {'layer': '900mb', 'rh': 12}, {'layer': '850mb', 'rh': 12}, {'layer': '800mb', 'rh': 11}, {'layer': '750mb', 'rh': 2}, {'layer': '700mb', 'rh': -3}, {'layer': '650mb', 'rh': -4}, {'layer': '600mb', 'rh': -4}, {'layer': '550mb', 'rh': -4}, {'layer': '500mb', 'rh': -4}, {'layer': '450mb', 'rh': -3}, {'layer': '400mb', 'rh': -2}, {'layer': '350mb', 'rh': -3}, {'layer': '300mb', 'rh': -2}, {'layer': '250mb', 'rh': -2}, {'layer': '200mb', 'rh': -1}]","[{'layer': '950mb', 'direction': 80, 'speed': 4}, {'layer': '900mb', 'direction': 90, 'speed': 5}, {'layer': '850mb', 'direction': 100, 'speed': 5}, {'layer': '800mb', 'direction': 105, 'speed': 4}, {'layer': '750mb', 'direction': 110, 'speed': 4}, {'layer': '700mb', 'direction': 85, 'speed': 3}, {'layer': '650mb', 'direction': 80, 'speed': 3}, {'layer': '600mb', 'direction': 80, 'speed': 3}, {'layer': '550mb', 'direction': 70, 'speed': 3}, {'layer': '500mb', 'direction': 160, 'speed': 3}, {'layer': '450mb', 'direction': 170, 'speed': 3}, {'layer': '400mb', 'direction': 275, 'speed': 3}, {'layer': '350mb', 'direction': 70, 'speed': 3}, {'layer': '300mb', 'direction': 270, 'speed': 5}, {'layer': '250mb', 'direction': 265, 'speed': 6}, {'layer': '200mb', 'direction': 255, 'speed': 5}]",25,2,12,1009,rain,3,0,80,4,-5.6816069,144.2489081,Papua New Guinea
60,183,1,-9999,-9999,-9999,"[{'layer': '950mb', 'rh': 14}, {'layer': '900mb', 'rh': 12}, {'layer': '850mb', 'rh': 10}, {'layer': '800mb', 'rh': 8}, {'layer': '750mb', 'rh': 0}, {'layer': '700mb', 'rh': -3}, {'layer': '650mb', 'rh': -4}, {'layer': '600mb', 'rh': -4}, {'layer': '550mb', 'rh': -4}, {'layer': '500mb', 'rh': -4}, {'layer': '450mb', 'rh': -3}, {'layer': '400mb', 'rh': -3}, {'layer': '350mb', 'rh': -3}, {'layer': '300mb', 'rh': -2}, {'layer': '250mb', 'rh': 0}, {'layer': '200mb', 'rh': -1}]","[{'layer': '950mb', 'direction': 90, 'speed': 5}, {'layer': '900mb', 'direction': 90, 'speed': 5}, {'layer': '850mb', 'direction': 95, 'speed': 4}, {'layer': '800mb', 'direction': 105, 'speed': 4}, {'layer': '750mb', 'direction': 95, 'speed': 3}, {'layer': '700mb', 'direction': 70, 'speed': 3}, {'layer': '650mb', 'direction': 70, 'speed': 3}, {'layer': '600mb', 'direction': 80, 'speed': 3}, {'layer': '550mb', 'direction': 65, 'speed': 4}, {'layer': '500mb', 'direction': 110, 'speed': 3}, {'layer': '450mb', 'direction': 185, 'speed': 3}, {'layer': '400mb', 'direction': 260, 'speed': 3}, {'layer': '350mb', 'direction': 90, 'speed': 3}, {'layer': '300mb', 'direction': 270, 'speed': 5}, {'layer': '250mb', 'direction': 270, 'speed': 6}, {'layer': '200mb', 'direction': 245, 'speed': 5}]",26,2,11,1010,rain,3,0,85,4,-5.6816069,144.2489081,Papua New Guinea
61,186,1,-9999,-9999,-9999,"[{'layer': '950mb', 'rh': 13}, {'layer': '900mb', 'rh': 14}, {'layer': '850mb', 'rh': 6}, {'layer': '800mb', 'rh': 4}, {'layer': '750mb', 'rh': -3}, {'layer': '700mb', 'rh': -4}, {'layer': '650mb', 'rh': -4}, {'layer': '600mb', 'rh': -4}, {'layer': '550mb', 'rh': -4}, {'layer': '500mb', 'rh': -4}, {'layer': '450mb', 'rh': -3}, {'layer': '400mb', 'rh': -3}, {'layer': '350mb', 'rh': -3}, {'layer': '300mb', 'rh': -1}, {'layer': '250mb', 'rh': 0}, {'layer': '200mb', 'rh': -2}]","[{'layer': '950mb', 'direction': 90, 'speed': 5}, {'layer': '900mb', 'direction': 90, 'speed': 5}, {'layer': '850mb', 'direction': 100, 'speed': 5}, {'layer': '800mb', 'direction': 105, 'speed': 4}, {'layer': '750mb', 'direction': 85, 'speed': 3}, {'layer': '700mb', 'direction': 55, 'speed': 3}, {'layer': '650mb', 'direction': 55, 'speed': 3}, {'layer': '600mb', 'direction': 70, 'speed': 3}, {'layer': '550mb', 'direction': 65, 'speed': 4}, {'layer': '500mb', 'direction': 95, 'speed': 3}, {'layer': '450mb', 'direction': 180, 'speed': 3}, {'layer': '400mb', 'direction': 245, 'speed': 3}, {'layer': '350mb', 'direction': 95, 'speed': 3}, {'layer': '300mb', 'direction': 275, 'speed': 5}, {'layer': '250mb', 'direction': 270, 'speed': 6}, {'layer': '200mb', 'direction': 260, 'speed': 4}]",26,2,10,1012,rain,3,0,90,4,-5.6816069,144.2489081,Papua New Guinea
62,189,1,-9999,-9999,-9999,"[{'layer': '950mb', 'rh': 12}, {'layer': '900mb', 'rh': 14}, {'layer': '850mb', 'rh': 1}, {'layer': '800mb', 'rh': -1}, {'layer': '750mb', 'rh': -3}, {'layer': '700mb', 'rh': -3}, {'layer': '650mb', 'rh': -4}, {'layer': '600mb', 'rh': -4}, {'layer': '550mb', 'rh': -4}, {'layer': '500mb', 'rh': -4}, {'layer': '450mb', 'rh': -3}, {'layer': '400mb', 'rh': -3}, {'layer': '350mb', 'rh': -3}, {'layer': '300mb', 'rh': -1}, {'layer': '250mb', 'rh': 1}, {'layer': '200mb', 'rh': -2}]","[{'layer': '950mb', 'direction': 80, 'speed': 5}, {'layer': '900mb', 'direction': 85, 'speed': 5}, {'layer': '850mb', 'direction': 95, 'speed': 5}, {'layer': '800mb', 'direction': 95, 'speed': 4}, {'layer': '750mb', 'direction': 60, 'speed': 3}, {'layer': '700mb', 'direction': 40, 'speed': 3}, {'layer': '650mb', 'direction': 45, 'speed': 3}, {'layer': '600mb', 'direction': 65, 'speed': 3}, {'layer': '550mb', 'direction': 65, 'speed': 4}, {'layer': '500mb', 'direction': 140, 'speed': 3}, {'layer': '450mb', 'direction': 190, 'speed': 3}, {'layer': '400mb', 'direction': 215, 'speed': 3}, {'layer': '350mb', 'direction': 115, 'speed': 3}, {'layer': '300mb', 'direction': 275, 'speed': 5}, {'layer': '250mb', 'direction': 270, 'speed': 6}, {'layer': '200mb', 'direction': 255, 'speed': 3}]",26,6,10,1011,none,3,0,80,4,-5.6816069,144.2489081,Papua New Guinea
63,192,1,-9999,-9999,-9999,"[{'layer': '950mb', 'rh': 12}, {'layer': '900mb', 'rh': 12}, {'layer': '850mb', 'rh': 0}, {'layer': '800mb', 'rh': -1}, {'layer': '750mb', 'rh': -2}, {'layer': '700mb', 'rh': -3}, {'layer': '650mb', 'rh': -4}, {'layer': '600mb', 'rh': -4}, {'layer': '550mb', 'rh': -4}, {'layer': '500mb', 'rh': -4}, {'layer': '450mb', 'rh': -3}, {'layer': '400mb', 'rh': -3}, {'layer': '350mb', 'rh': -3}, {'layer': '300mb', 'rh': 0}, {'layer': '250mb', 'rh': 2}, {'layer': '200mb', 'rh': -3}]","[{'layer': '950mb', 'direction': 80, 'speed': 4}, {'layer': '900mb', 'direction': 85, 'speed': 5}, {'layer': '850mb', 'direction': 90, 'speed': 4}, {'layer': '800mb', 'direction': 85, 'speed': 3}, {'layer': '750mb', 'direction': 55, 'speed': 3}, {'layer': '700mb', 'direction': 35, 'speed': 3}, {'layer': '650mb', 'direction': 40, 'speed': 3}, {'layer': '600mb', 'direction': 60, 'speed': 3}, {'layer': '550mb', 'direction': 65, 'speed': 3}, {'layer': '500mb', 'direction': 135, 'speed': 2}, {'layer': '450mb', 'direction': 205, 'speed': 3}, {'layer': '400mb', 'direction': 205, 'speed': 3}, {'layer': '350mb', 'direction': 120, 'speed': 2}, {'layer': '300mb', 'direction': 280, 'speed': 6}, {'layer': '250mb', 'direction': 275, 'speed': 6}, {'layer': '200mb', 'direction': 250, 'speed': 3}]",26,6,10,1009,none,3,0,80,4,-5.6816069,144.2489081,Papua New Guinea
